PropertyAddress,PropertyCity,PropertyState,PropertyZip,ParkName,ParkPhone,County,Lots,SizeBand,Score,Notes
1210 CALVARY ROAD,HOLIDAY,FL,34690,ANCLOTE ACRES L.L.C.,(727) 938-3869,PASCO,38,SMALL (<50),100,
677 TAMIAMI TRAIL N,NOKOMIS,FL,34275,ARISTOCRAT TRAILER PARK,(941) 488-7272,SARASOTA,25,SMALL (<50),100,
39444 DANCERS LANE,ZEPHYRHILLS,FL,33542,BAHR'S MOBILE HOME PARK,(813) 782-7201,PASCO,51,MEDIUM (51-100),100,
12701 SE SUNSET HARBOR ROAD,WEIRSDALE,FL,32195,BIG LAKE VILLAGE,(352) 434-7276,MARION,60,MEDIUM (51-100),100,
906 OHLINGER ROAD,BABSON PARK,FL,33827,BOB'S LANDING MHP & MARINA,(863) 638-1912,POLK,60,SMALL (<50),100,
2450 S RIDGEWOOD,EDGEWATER,FL,32141,CARTER'S MOBILE VILLAGE,(386) 428-8916,VOLUSIA,49,SMALL (<50),100,
950 SIDNEY STREET,ST AUGUSTINE,FL,32086,COQUINA OAK'S MOBILE HOME,(484) 716-9408,ST JOHNS,25,SMALL (<50),100,
419 SW PINE ISLAND ROAD,CAPE CORAL,FL,33991,CORALWOOD VILLAGE MHP,(239) 574-4945,LEE,53,MEDIUM (51-100),100,
6881 NE 2ND LOOP,OCALA,FL,34470,COUNTRY AIRE MOBILE HOME PARK,(352) 236-3378,MARION,25,SMALL (<50),100,
1311 NW 35TH STREET,OCALA,FL,34475,COUNTRY OAKS MOBILE HOME PARK,(954) 394-2766,MARION,27,SMALL (<50),100,
8 POWELL ROAD,WINTER HAVEN,FL,33880,CYPRESS ACRES MHP,(863) 291-0643,POLK,26,SMALL (<50),100,
140 W WALTS AVENUE,DELAND,FL,32720,DELAND MUNICIPAL TRAILER PARK,(386) 740-5800,VOLUSIA,48,SMALL (<50),100,
04056 PICCIOLA ROAD,FRUITLAND PARK,FL,34731,DUKE'S LANDING,(813) 770-4172,LAKE,58,SMALL (<50),100,
1520 PARSONS ROAD,KISSIMMEE,FL,34744,EL TONTERIA MOBILE COURT,(407) 319-2900,OSCEOLA,34,SMALL (<50),100,
250 MCCALL ROAD N,ENGLEWOOD,FL,34223,ENGLEWOOD GREENS MOBILE VILLAGE,(941) 474-1353,SARASOTA,30,SMALL (<50),100,
4500 PINE ISLAND ROAD NW,MATLACHA,FL,33993,FISHERMAN'S ADULT MOBILE HM PK,(239) 283-5141,LEE,40,SMALL (<50),100,
05101 EAGLES NEST ROAD,FRUITLAND PARK,FL,34731,FISHERMAN'S WHARF,(352) 360-0600,LAKE,59,MEDIUM (51-100),100,
375 WEST H STREET,FROSTPROOF,FL,33843,FROSTPROOF MOBILE VILLAGE,(863) 635-4800,POLK,29,SMALL (<50),100,
3103 9TH STREET W,BRADENTON,FL,34205,GAR FAIR TRAILER PARK,(941) 815-2844,MANATEE,54,MEDIUM (51-100),100,
1101 GOLDEN PARKWAY,ST CLOUD,FL,34769,GOLDEN GROVE MHP,(407) 957-7979,OSCEOLA,48,SMALL (<50),100,
1450 MADELINE AVENUE,DAYTONA BEACH,FL,32119,GRAY ACRES,(386) 760-3823,VOLUSIA,43,SMALL (<50),100,
4331 LAKE BUFFUM ROAD,LAKE WALES,FL,33859,GREEN ACRES MOBILE HOME PARK,(941) 429-0116,POLK,41,SMALL (<50),100,
10021 LYONS LANE,HUDSON,FL,34669,HICKS ROAD TRAILER PARK,(727) 992-2684,PASCO,27,SMALL (<50),100,
12301 CARL LOOP,DADE CITY,FL,33525,KEENE'S ADULT MOBILE HOME PARK,(352) 567-6079,PASCO,37,SMALL (<50),100,
120 DORA AVENUE,TAVARES,FL,32778,LAKE DORA TRAILER PARK,(970) 884-7150,LAKE,42,SMALL (<50),100,
249 LAKESIDE GARDEN CIRCLE,LAKE WALES,FL,33859,LAKESIDE GARDENS,(813) 949-4139,POLK,54,SMALL (<50),100,
5435 LEWELLYN ROAD,LAKELAND,FL,33810,"LAND SOUTH COUNTRY VILLAS, LLC",(863) 255-2941,POLK,45,SMALL (<50),100,
8535 MATHEWS ROAD,LAKELAND,FL,33801,LAND SOUTH OAK MEADOWS LLC,(863) 859-7942,POLK,52,SMALL (<50),100,
101 INGHAM ROAD,NEW SMYRNA BEACH,FL,32168,LUTZ TRAILER PARK,NOT AVAILABLE,VOLUSIA,34,SMALL (<50),100,
3608 14TH STREET W,BRADENTON,FL,34205,MARY ANN TRAILER PARK,(941) 773-4465,MANATEE,38,SMALL (<50),100,
1555 N TAMIAMI TRAIL,NORTH FORT MYERS,FL,33903,MERE'S MOBILE HOME PARK 3,(239) 707-3469,LEE,33,SMALL (<50),100,
660 HOOK STREET,CLERMONT,FL,34711,MINNEHAHA TRAILER PARK,(352) 394-4497,LAKE,45,SMALL (<50),100,
1630 NORTH CR 547,DAVENPORT,FL,33837,OAK HAVEN MHP,(813) 689-0569,POLK,28,SMALL (<50),100,
14236 MAX HOOKS ROAD 62,CLERMONT,FL,34711,OAK LANE MOBILE HOME PARK,(352) 243-7577,LAKE,60,MEDIUM (51-100),100,
3655 E JOHNSON AVENUE,HAINES CITY,FL,33844,OAK MEADOWS MH & RV PARK,(813) 267-2672,POLK,53,SMALL (<50),100,
18681 N HWY 441,REDDICK,FL,32686,PINE GROVE MOBILE HOME PARK,(352) 207-9741,MARION,30,SMALL (<50),100,
2245 NEW TAMPA HIGHWAY,LAKELAND,FL,33801,PINE GROVE MOBILE HOME PARK,(352) 207-9741,POLK,25,SMALL (<50),100,
2815 NW PINE AVENUE,OCALA,FL,34475,PINE MANOR EAST MOBILE HOME PARK,(352) 463-1890,MARION,52,MEDIUM (51-100),100,
6280 HAMILTON DRIVE 3,FORT MYERS,FL,33905,PINE NEEDLE PARK,(239) 694-3286,LEE,43,SMALL (<50),100,
1615 51ST AVENUE E,BRADENTON,FL,34203,PIONEER TRAILER PARK,(727) 386-6479,MANATEE,37,SMALL (<50),100,
285 LAKE AVENUE,FROSTPROOF,FL,33843,REEDY HAVEN TRAILER PARK,(863) 635-4783,POLK,36,SMALL (<50),100,
14417 US HIGHWAY 19,BAYONET POINT,FL,34667,SHADY ACRES MHP AND RV PARK,(727) 868-9589,PASCO,48,MEDIUM (51-100),100,
16901 SE HWY 301,SUMMERFIELD,FL,34491,SHADY ACRES MOBILE HOME PARK,(352) 445-1832,MARION,40,SMALL (<50),100,
5100 NW GAINESVILLE ROAD,OCALA,FL,34475,SHADY GROVE MOBILE HOME PARK,(352) 208-4814,MARION,28,SMALL (<50),100,
1215 US HIGHWAY 17 92 N,DAVENPORT,FL,33837,SHADY OAKS MOBILE HOME PARK,NOT AVAILABLE,POLK,30,SMALL (<50),100,
3245 E MAIN STREET,LAKELAND,FL,33801,SHADY OAKS MOBILE HOME PARK,NOT AVAILABLE,POLK,30,SMALL (<50),100,
37836 8TH AVENUE,ZEPHYRHILLS,FL,33542,SHADY REST MOBILE HOME PARK,(813) 782-3019,PASCO,60,SMALL (<50),100,
3200 NOVA ROAD S,DAYTONA BEACH,FL,32119,SHADY VILLAGE TRAILER PARK,(386) 760-3823,VOLUSIA,55,MEDIUM (51-100),100,
201 NE 68 COURT,OCALA,FL,34470,SILVERWOOD VILLAGE M H P,(352) 236-3378,MARION,25,SMALL (<50),100,
1269 RIVER ROAD,NORTH FORT MYERS,FL,33903,SOUTHWIND VILLAGE,(239) 995-8005,LEE,58,MEDIUM (51-100),100,
1425 RITTER ROAD,LAKELAND,FL,33810,SOUTHWINDS MOBILE HOME COURT,(863) 255-2941,POLK,35,SMALL (<50),100,
2504 SUNSET DRIVE,KISSIMMEE,FL,34741,SUN FRIENDLY COMMUNITY VILLAGE,(407) 574-7775,OSCEOLA,45,LARGE (>100),100,
6800 NW GAINESVILLE ROAD,OCALA,FL,34475,SUNNY OAKS MOBILE HOME PARK,(855) 862-8837,MARION,55,SMALL (<50),100,
32704 CANTWELL DRIVE,SAN ANTONIO,FL,33576,SUNNY SKIES MOBILE HOME PARK,(352) 942-3367,PASCO,50,SMALL (<50),100,
19241 SAN CARLOS BOULEVARD,FORT MYERS BEACH,FL,33931,"SUNNYLAND COURT, INC.",NOT AVAILABLE,LEE,31,SMALL (<50),100,
8086 HECK DRIVE,NORTH FORT MYERS,FL,33917,SUNSET ACRES,(239) 543-9990,LEE,25,SMALL (<50),100,
2350 US HIGHWAY 92 WEST,WINTER HAVEN,FL,33881,SUNSET COVE MHP,(863) 268-1111,POLK,31,SMALL (<50),100,
1000 S CLINCH LAKE BOULEVARD,FROSTPROOF,FL,33843,SUNSET SHORES CO-OP INC,(863) 635-2420,POLK,51,LARGE (>100),100,
2 MELODY CIRCLE,EUSTIS,FL,32726,SUNSET VILLAGE,(352) 343-1214,LAKE,36,SMALL (<50),100,
3520 E GASKIN ROAD,BARTOW,FL,33830,TERIO'S MOBILE HOME PARK,(863) 533-1253,POLK,40,SMALL (<50),100,
15007 OLD 441 HIGHWAY,TAVARES,FL,32778,THREE PALMS TRAILER PARK,NOT AVAILABLE,LAKE,32,SMALL (<50),100,
503 SHAWN AVENUE,WILDWOOD,FL,34785,WILDWOOD ACRES,(352) 748-0795,SUMTER,47,SMALL (<50),100,
3845 STATE ROAD 60 W,MULBERRY,FL,33860,WILLOW OAK II MHP,(863) 425-2281,POLK,26,SMALL (<50),100,
17881 N TAMIAMI TRAIL,NORTH FORT MYERS,FL,33903,WINTER DREAMS TRAILER PARK,(239) 731-5404,LEE,26,SMALL (<50),100,
573 LONG HOLLOW PIKE,GALLATIN,TN,37066,A & L MOBILE HOME VILLAGE,(615) 452-5104,SUMNER,,MEDIUM (51-100),98,unit count unknown
1105 ACRES OF SPACE DRIVE,KNIGHTDALE,NC,27545,ACRES OF SPACE MOBILE HOME,(919) 266-4389,WAKE,,MEDIUM (51-100),98,unit count unknown
1524 EAST BURT DRIVE,COLUMBIA,TN,38401,AMERICAN MOBILE VILLAGE,(931) 388-1485,MAURY,,MEDIUM (51-100),98,unit count unknown
1035 WEST MAIN STREET,MESA,AZ,85201,APACHE WEST MOBILE VILLAGE,(480) 969-7147,MARICOPA,,MEDIUM (51-100),98,unit count unknown
650 EDGEWOOD BOULEVARD,FRANKLIN,TN,37064,BATTLEFIELD TRAILER PARK,(615) 794-6416,WILLIAMSON,,MEDIUM (51-100),98,unit count unknown
3824 EAST PARADISE LANE,PHOENIX,AZ,85032,BELL ACRES MHP,(602) 971-2335,MARICOPA,,MEDIUM (51-100),98,unit count unknown
4435 US 321,GASTON,SC,29053,BIG COUNTRY MOBILE HOME PARK,NOT AVAILABLE,LEXINGTON,,MEDIUM (51-100),98,unit count unknown
1820 JUNGLE DEN ROAD,ASTOR,FL,32102,BLAIR'S JUNGLE DEN,(386) 749-2264,VOLUSIA,,MEDIUM (51-100),98,unit count unknown
9013 BONAPARTE DR SW,CALABASH,NC,28467,BONAPARTE'S RETREAT 1,NOT AVAILABLE,BRUNSWICK,,MEDIUM (51-100),98,unit count unknown
2004 HIGHWAY 15,MYRTLE BEACH,SC,29577,BONNIE'S TRAILER COURT,(803) 448-6905,HORRY,,MEDIUM (51-100),98,unit count unknown
2144 WEST BROADWAY ROAD,PHOENIX,AZ,85041,BROADWAY TRAILER COURT,(602) 268-4738,MARICOPA,,MEDIUM (51-100),98,unit count unknown
920 POWER STREET,CLARKSVILLE,TN,37042,BURKHART'S MHP,(931) 647-2926,MONTGOMERY,,MEDIUM (51-100),98,unit count unknown
723 WEST FINNEY FLATS ROAD,CAMP VERDE,AZ,86322,CAMP VERDE MOBILE VILLAGE,(520) 567-2868,YAVAPAI,,MEDIUM (51-100),98,unit count unknown
3 SWEET GUM CIR,ROCKY POINT,NC,28457,CEDAR GROVE MHP,NOT AVAILABLE,PENDER,,MEDIUM (51-100),98,unit count unknown
1356 ID 41,POST FALLS,ID,83854,CHATEAU MOBILE HOME VILLAGE,NOT AVAILABLE,KOOTENAI,,MEDIUM (51-100),98,unit count unknown
1919 WEST COLTER STREET,PHOENIX,AZ,85015,CHRIS-TOWN TRAVEL TRAILER PARK,(602) 242-8812,MARICOPA,,MEDIUM (51-100),98,unit count unknown
780 BETHEL SCHOOL ROAD,LAKE WYLIE,SC,29710,CHUCK'S MHP,(803) 831-7717,YORK,,MEDIUM (51-100),98,unit count unknown
3210 RAY RD,SPRING LAKE,NC,28390,COOPER'S RANCH,NOT AVAILABLE,HARNETT,,MEDIUM (51-100),98,unit count unknown
2212 WEST GEORGIA ROAD,SIMPSONVILLE,SC,29680,COUNTRY AIR MHP,(864) 277-3277,GREENVILLE,,MEDIUM (51-100),98,unit count unknown
39333 23RD STREET,ZEPHYRHILLS,FL,33542,COUNTRY AIRE VILLAGE,NOT AVAILABLE,PASCO,,MEDIUM (51-100),98,unit count unknown
5209 TARGEE STREET,BOISE,ID,83705,COUNTRY CLUB MHP,(208) 342-1709,ADA,,MEDIUM (51-100),98,unit count unknown
1855 WEST WICKENBURG WAY,WICKENBURG,AZ,85390,COUNTRY CLUB PARK,(520) 684-2110,MARICOPA,,MEDIUM (51-100),98,unit count unknown
61 WEST SOUTHERN AVENUE,MESA,AZ,85210,COUNTRY COUSINS MOBILE MECCA,(480) 964-8202,MARICOPA,,MEDIUM (51-100),98,unit count unknown
6109 FOOTE MINERAL LANE,KNOXVILLE,TN,37923,COUNTRY ESTATES MHP,(423) 693-8541,KNOX,,MEDIUM (51-100),98,unit count unknown
11901 WEST MCDOWELL ROAD,AVONDALE,AZ,85323,COUNTRY HILLS MOBILE ESTATES,(602) 932-3444,MARICOPA,,MEDIUM (51-100),98,unit count unknown
23740 WEST US HIGHWAY 85,BUCKEYE,AZ,85326,COUNTRY HOME MOBILE VILLAGE,(602) 386-4482,MARICOPA,,MEDIUM (51-100),98,unit count unknown
4410 BAYBERRY DR,LITTLE RIVER,SC,29566,COUNTRY LAKES,NOT AVAILABLE,HORRY,,MEDIUM (51-100),98,unit count unknown
1330 WILLIAMSON ROAD,GOODLETTSVILLE,TN,37072,COUNTRY LIVIN' ESTATES,(615) 859-0569,SUMNER,,MEDIUM (51-100),98,unit count unknown
9043 DALLAS HOLLOW RD,SODDY-DAISY,TN,37379,COUNTRY OAKS ESTATES,NOT AVAILABLE,HAMILTON,,MEDIUM (51-100),98,unit count unknown
1105 NORTH 8TH STREET,AVONDALE,AZ,85323,COUNTRY VILLA,(602) 932-2180,MARICOPA,,MEDIUM (51-100),98,unit count unknown
1339 WALD ROAD,NEW BRAUNFELS,TX,78132,COUNTRY VILLAGE MHP,(830) 625-1188,COMAL,,MEDIUM (51-100),98,unit count unknown
221 WEST MAIN STREET,AVONDALE,AZ,85323,COUNTRY WEST,(602) 932-3325,MARICOPA,,MEDIUM (51-100),98,unit count unknown
200 EARLY ROAD,COLUMBIA,TN,38401,COUNTRYSIDE VILLAGE,(931) 388-8412,MAURY,,MEDIUM (51-100),98,unit count unknown
1125 HORIZON PKWY,BUFORD,GA,30518,COURTSIDE VILLAGE OF GWINNETT,NOT AVAILABLE,GWINNETT,,MEDIUM (51-100),98,unit count unknown
520 GENTRY WAY,RENO,NV,89502,COZY TRAILER PARK,(775) 825-0337,WASHOE,,MEDIUM (51-100),98,unit count unknown
1420 OLD DUNBAR ROAD,WEST COLUMBIA,SC,29172,CREEKSIDE MHP,(803) 955-0805,LEXINGTON,,MEDIUM (51-100),98,unit count unknown
4258 MASSEY PRESERVE TRL,RALEIGH,NC,27616,CREEKSIDE MOBILE VILLAGE,NOT AVAILABLE,WAKE,,MEDIUM (51-100),98,unit count unknown
8810 DEERWOOD DRIVE,NORTH CHARLESTON,SC,29406,DEER PARK TRAILER COURT,(843) 553-0883,CHARLESTON,,MEDIUM (51-100),98,unit count unknown
139 SOUTH CRISMON ROAD,MESA,AZ,85208,DESERT VILLAGE MOBILE PARK,(480) 986-4070,MARICOPA,,MEDIUM (51-100),98,unit count unknown
19270 SOUTH GREENO ROAD,FAIRHOPE,AL,36532,EASTERN SHORE MOBILE HOME VILLAGE,(334) 928-7855,BALDWIN,,MEDIUM (51-100),98,unit count unknown
764 EAST CHANDLER BOULEVARD,CHANDLER,AZ,85225,ELMWOOD TRAILER PARK,(602) 963-8861,MARICOPA,,MEDIUM (51-100),98,unit count unknown
7800 WILKINSON BOULEVARD,CHARLOTTE,NC,28214,FIELDRIDGE ACRES,(704) 399-3521,MECKLENBURG,,MEDIUM (51-100),98,unit count unknown
1101 2ND AVENUE NORTH,NORTH MYRTLE BEACH,SC,29582,FOX FIRE VILLAGE MOBILE HOME,(803) 249-4286,HORRY,,MEDIUM (51-100),98,unit count unknown
4199 WALES ST,KISSIMMEE,FL,34746,GOOD SAMARITAN VILLAGE,NOT AVAILABLE,OSCEOLA,,MEDIUM (51-100),98,unit count unknown
819 N MIDLAND BLVD,NAMPA,ID,83651,GREEN ACRES,NOT AVAILABLE,CANYON,,MEDIUM (51-100),98,unit count unknown
360 WEST 400 NORTH,SPRINGVILLE,UT,84663,GREEN ACRES MHP,(801) 489-6755,UTAH,,MEDIUM (51-100),98,unit count unknown
7204 LARKSPUR LANE,POWELL,TN,37849,GREEN ACRES MHP,(423) 938-4736,KNOX,,MEDIUM (51-100),98,unit count unknown
2605 WEST VAN BUREN STREET,PHOENIX,AZ,85009,GREEN ACRES MOBILE & REC. VEHICLE PARK,(602) 272-7863,MARICOPA,,MEDIUM (51-100),98,unit count unknown
501 WEST MOANA LANE,RENO,NV,89509,GREEN ACRES TRAILER PARK,(775) 827-2482,WASHOE,,MEDIUM (51-100),98,unit count unknown
311 OLD SHACKLE ISLAND ROAD #47,HENDERSONVILLE,TN,37075,HENDERSONVILLE MOBILE VILLAGE,(615) 824-1811,SUMNER,,MEDIUM (51-100),98,unit count unknown
2006 PRATER WAY,SPARKS,NV,89431,JOPA TRAILER PARK,(775) 358-4155,WASHOE,,MEDIUM (51-100),98,unit count unknown
19 KINGS MOBILE HOMES,OPELIKA,AL,36801,KING'S MOBILE ESTATES,(334) 749-3320,LEE,,MEDIUM (51-100),98,unit count unknown
2206 HIGHWAY 15,MYRTLE BEACH,SC,29577,KIRKLEY'S MOBILE HOME COURT,(803) 448-2601,HORRY,,MEDIUM (51-100),98,unit count unknown
30 GIEL DRIVE,DELAND,FL,32720,LAKESIDE VILLAGE,(386) 734-1574,VOLUSIA,,MEDIUM (51-100),98,unit count unknown
7800 BONDHAVEN DRIVE,CHARLOTTE,NC,28215,LAMPLIGHTER VILLAGE HOME,(704) 568-0643,MECKLENBURG,,MEDIUM (51-100),98,unit count unknown
22260 HIGHWAY 98,FOLEY,AL,36535,MALLARD POINT TRAILER COURT,(334) 943-2038,BALDWIN,,MEDIUM (51-100),98,unit count unknown
903 S MAIN ST,GREER,SC,29650,MAPLE CREEK ESTATES,NOT AVAILABLE,GREENVILLE,,MEDIUM (51-100),98,unit count unknown
312 MAPLE STREET,SMYRNA,TN,37167,MAPLE MANOR,(615) 459-0090,RUTHERFORD,,MEDIUM (51-100),98,unit count unknown
1286 SOUTH MOJAVE ROAD,LAS VEGAS,NV,89104,MEADOWS TRAILER PARK,(702) 457-2090,CLARK,,MEDIUM (51-100),98,unit count unknown
3140 WEST OSBORN ROAD,PHOENIX,AZ,85017,MICHIGAN TRAILER PARK,(602) 269-0122,MARICOPA,,MEDIUM (51-100),98,unit count unknown
1833 STACEY STREET,MYRTLE BEACH,SC,29577,MIDWAY TRAILER PARK,(803) 293-2756,HORRY,,MEDIUM (51-100),98,unit count unknown
1800 WARD DR,HENDERSON,NV,89011,MIDWAY TRAILER PARK,NOT AVAILABLE,CLARK,,MEDIUM (51-100),98,unit count unknown
8783 DAYTON PIKE,SODDY-DAISY,TN,37379,MIMOSA TRAILER PARK,(423) 332-2323,HAMILTON,,MEDIUM (51-100),98,unit count unknown
701 ELM STREET,BOULDER CITY,NV,89005,MOORE'S MHP,(702) 293-2537,CLARK,,MEDIUM (51-100),98,unit count unknown
708 PROVIDENCE BOULEVARD,CLARKSVILLE,TN,37042,NEW PROVIDENCE & SHADY REST,(931) 647-2389,MONTGOMERY,,MEDIUM (51-100),98,unit count unknown
21271 W HWY 40,DUNNELLON,FL,34431,OAK BEND VILLAGE MOBILE HOME PARK,(352) 465-0877,MARION,,MEDIUM (51-100),98,unit count unknown
44 DIXIE CIR,GREENVILLE,SC,29605,OAK GROVE 2,NOT AVAILABLE,GREENVILLE,,MEDIUM (51-100),98,unit count unknown
3909 FORT WORTH HIGHWAY,WEATHERFORD,TX,76087,OAK HILL MHP,(817) 613-9090,PARKER,,MEDIUM (51-100),98,unit count unknown
236 LANDMARK ROAD,CONWAY,SC,29527,OLD FARM MOBILE HOME VILLAGE,(803) 365-1755,HORRY,,MEDIUM (51-100),98,unit count unknown
10035 COUNTY ROAD 83,ELBERTA,AL,36530,OLEANDER COURT MHP,(334) 986-5791,BALDWIN,,MEDIUM (51-100),98,unit count unknown
2908 OTRANTO ROAD,NORTH CHARLESTON,SC,29406,OTRANTO ACRES MHP,(843) 797-3542,CHARLESTON,,MEDIUM (51-100),98,unit count unknown
550 PALM DRIVE,WICKENBURG,AZ,85390,PALM DRIVE TRAILER RANCH,(520) 684-2376,MARICOPA,,MEDIUM (51-100),98,unit count unknown
2000 HIGHWAY 15,MYRTLE BEACH,SC,29577,PATRICK'S MHP,(803) 448-6369,HORRY,,MEDIUM (51-100),98,unit count unknown
1475 PEACHTREE INDUSTRIAL BOULEVARD,BUFORD,GA,30518,PEACHTREE VILLAGE MOBILE HOME,(770) 932-8451,GWINNETT,,MEDIUM (51-100),98,unit count unknown
6 PECAN ACRES MHP,MIDLOTHIAN,TX,76065,PECAN ACRES MOBILE HOME PARK,NOT AVAILABLE,ELLIS,,MEDIUM (51-100),98,unit count unknown
88 OAK HILL DR,JOSHUA,TX,76058,PECAN VILLAGE MOBILE HOME PARK,NOT AVAILABLE,JOHNSON,,MEDIUM (51-100),98,unit count unknown
5217 RUSH ROAD,CONWAY,SC,29526,PINE GROVE ESTATES,(803) 365-3335,HORRY,,MEDIUM (51-100),98,unit count unknown
35 SUNRISE AVENUE,STOCKBRIDGE,GA,30281,PINE HILLS MHP,(770) 474-1870,HENRY,,MEDIUM (51-100),98,unit count unknown
610 BRICK LANDING RD SW,SHALLOTTE,NC,28470,PINE LAKE VILLAGE,NOT AVAILABLE,BRUNSWICK,,MEDIUM (51-100),98,unit count unknown
910 WEST GURLEY STREET,PRESCOTT,AZ,86301,PINE LAWN RANCH MHP,(520) 445-3924,YAVAPAI,,MEDIUM (51-100),98,unit count unknown
3060 US 70,SMITHFIELD,NC,27577,PINE VALLEY ESTATES,NOT AVAILABLE,JOHNSTON,,MEDIUM (51-100),98,unit count unknown
510 PINE HILL CIRCLE,LAWRENCEVILLE,GA,30045,PINE VALLEY MHP,(770) 963-6464,GWINNETT,,MEDIUM (51-100),98,unit count unknown
3100 ROBERTS ROAD,KNOXVILLE,TN,37924,PLANTATION ACRES MOBILE HOME,(423) 933-5715,KNOX,,MEDIUM (51-100),98,unit count unknown
34 CLUB CIRCLE,ELLENWOOD,GA,30294,POOLE'S MANOR MFD. HOUSING,(770) 474-2840,HENRY,,MEDIUM (51-100),98,unit count unknown
124 CARNIVAL STREET,CHARLOTTE,NC,28262,QUEEN'S GRANT MHP,(704) 593-0020,MECKLENBURG,,MEDIUM (51-100),98,unit count unknown
1911 AUGUSTA HIGHWAY,WEST COLUMBIA,SC,29169,RED OAK MHP,(803) 791-9090,LEXINGTON,,MEDIUM (51-100),98,unit count unknown
110 RIVEREDGE DRIVE,RICHMOND,TX,77469,RICHMOND TRAILER VILLAGE,(281) 342-4907,FORT BEND,,MEDIUM (51-100),98,unit count unknown
479 SOUTH MOAPA VALLEY BOULEVARD,OVERTON,NV,89040,ROBBINS NEST MOBILE VILLAGE,(775) 397-2364,CLARK,,MEDIUM (51-100),98,unit count unknown
1048 NORTH 48TH STREET,PHOENIX,AZ,85008,ROSEDALE MOBILE HOME COURT,(602) 220-4596,MARICOPA,,MEDIUM (51-100),98,unit count unknown
15500 HART ROAD,NORTH FORT MYERS,FL,33917,ROYAL COACH VILLAGE,(239) 770-2149,LEE,,MEDIUM (51-100),98,unit count unknown
342 SOUTH 40TH STREET,MESA,AZ,85206,ROYAL PALM VILLAGE,(480) 830-4736,MARICOPA,,MEDIUM (51-100),98,unit count unknown
718 TAMIAMI TRAIL S,OSPREY,FL,34229,SARABAY TRAILER COURT,(941) 966-7602,SARASOTA,,MEDIUM (51-100),98,unit count unknown
120 WEST STATE ROAD,AMERICAN FORK,UT,84003,SEVEN C'S MHP,(801) 756-3996,UTAH,,MEDIUM (51-100),98,unit count unknown
800 GENTRY WAY,RENO,NV,89502,SHADE TREE VILLAGE,(775) 825-8787,WASHOE,,MEDIUM (51-100),98,unit count unknown
1305 ADAMS STREET,PRESCOTT,AZ,86301,SHADY ACRES MOBILE PARK,(520) 445-3320,YAVAPAI,,MEDIUM (51-100),98,unit count unknown
613 5TH AVENUE SOUTH,MYRTLE BEACH,SC,29577,SHADY GROVE MHP,(803) 448-7243,HORRY,,MEDIUM (51-100),98,unit count unknown
349 SHADY GROVE RD,SPRING LAKE,NC,28390,SHADY GROVE MHP,NOT AVAILABLE,HARNETT,,MEDIUM (51-100),98,unit count unknown
2436 NORTH AUSTIN STREET,SEGUIN,TX,78155,SHADY LANE MOBILE HOME & REC. VEHICLE,(830) 303-4400,GUADALUPE,,MEDIUM (51-100),98,unit count unknown
11435 EAST APACHE TRAIL,APACHE JUNCTION,AZ,85220,SHADY REST MHP,(480) 986-6997,MARICOPA,,MEDIUM (51-100),98,unit count unknown
9252 EAST BROADWAY ROAD,MESA,AZ,85208,SILVER SAND TRAILER PARK,(480) 984-6731,MARICOPA,,MEDIUM (51-100),98,unit count unknown
515 LESLIE DR,PORT ORANGE,FL,32127,SPRUCE CREEK VILLAGE,NOT AVAILABLE,VOLUSIA,,MEDIUM (51-100),98,unit count unknown
3000 STONEYBROOK DRIVE,RALEIGH,NC,27604,STONY BROOK NORTH MOBILE HOME,(919) 872-2346,WAKE,,MEDIUM (51-100),98,unit count unknown
2200 WEST VAN BUREN STREET,PHOENIX,AZ,85009,SUN TRAILER PARK,(602) 253-2650,MARICOPA,,MEDIUM (51-100),98,unit count unknown
101 OCOTILLO ST,HENDERSON,NV,89015,SUNRISE TRAILER PARK,NOT AVAILABLE,CLARK,,MEDIUM (51-100),98,unit count unknown
929 NORTH DELAWARE DRIVE,APACHE JUNCTION,AZ,85220,SUNSET MESA,(480) 982-2439,PINAL,,MEDIUM (51-100),98,unit count unknown
269 NORTH WINCHESTER ROAD,APACHE JUNCTION,AZ,85219,SUPERSTITION MOBILE VILLAGE,(480) 982-2746,PINAL,,MEDIUM (51-100),98,unit count unknown
84 SWANNS TLPK,AUBURN,AL,36832,SWANNS TRAILER PARK,NOT AVAILABLE,LEE,,MEDIUM (51-100),98,unit count unknown
9406 GREEN WING DR,MURRELLS INLET,SC,29576,TEAL ACRES,NOT AVAILABLE,HORRY,,MEDIUM (51-100),98,unit count unknown
5745 WEST MARYLAND AVENUE,GLENDALE,AZ,85301,TIKI TAI VILLAGE,(623) 939-6090,MARICOPA,,MEDIUM (51-100),98,unit count unknown
1110 W. MARYLAND AVE,NOT AVAILABLE,AZ,NOT AVAILABLE,TOWN & COUNTRY,NOT AVAILABLE,MARICOPA,,MEDIUM (51-100),98,unit count unknown
3751 SOUTH REDWOOD ROAD,WEST VALLEY CITY,UT,84119,TOWN & COUNTRY MHP,(801) 973-7045,SALT LAKE,,MEDIUM (51-100),98,unit count unknown
4040 WEST VAN BUREN STREET,PHOENIX,AZ,85009,TRAILER CORRAL,(602) 278-6628,MARICOPA,,MEDIUM (51-100),98,unit count unknown
1656 W TIERRA BUENA LN,PHOENIX,AZ,85023,TURF PARADISE TRAVEL TRAILER PARK,(602) 942-4500,MARICOPA,,MEDIUM (51-100),98,unit count unknown
1660 WEST BELL ROAD,PHOENIX,AZ,85023,TURF TRAILER & MHP,(602) 942-8275,MARICOPA,,MEDIUM (51-100),98,unit count unknown
5918 SELLERS ROAD,HANAHAN,SC,29406,TWIN OAKS TRAILER PARK,(803) 554-5882,BERKELEY,,MEDIUM (51-100),98,unit count unknown
5560 CONCORD PKY S,CONCORD,NC,28027,VER-EL MOBILE VILLAGE,NOT AVAILABLE,CABARRUS,,MEDIUM (51-100),98,unit count unknown
755 BURCALE RD,MYRTLE BEACH,SC,29579,VILLAGE CREEK MOBILE HOME PARK,NOT AVAILABLE,HORRY,,MEDIUM (51-100),98,unit count unknown
4190 PINE ST,KANNAPOLIS,NC,28081,WAYSTAFF TOWN & COUNTRY,NOT AVAILABLE,CABARRUS,,MEDIUM (51-100),98,unit count unknown
250 SOUTH TOMAHAWK ROAD,APACHE JUNCTION,AZ,85219,WEAVERS NEEDLE TRAVEL TRAILER,(480) 982-3683,PINAL,,MEDIUM (51-100),98,unit count unknown
425 WEBSTER ROAD #810,AUBURN,AL,36832,WEBSTER'S CROSSING MOBILE HOME,(334) 821-0171,LEE,,MEDIUM (51-100),98,unit count unknown
1907 W FLAMINGO AVE,NAMPA,ID,83651,WEST PINE MANOR,NOT AVAILABLE,CANYON,,MEDIUM (51-100),98,unit count unknown
3501 GORDON DR,MYRTLE BEACH,SC,29579,WHISPERING PINES,NOT AVAILABLE,HORRY,,MEDIUM (51-100),98,unit count unknown
8827 DEERWOOD DRIVE,NORTH CHARLESTON,SC,29406,WHISPERING PINES MOBILE HOME,(843) 553-5715,CHARLESTON,,MEDIUM (51-100),98,unit count unknown
900 AIRPORT ROAD,CHATTANOOGA,TN,37421,WHISPERING PINES MOBILE HOME,(423) 899-8591,HAMILTON,,MEDIUM (51-100),98,unit count unknown
1481 PALM STREET,LAS VEGAS,NV,89104,WHISPERING SANDS MOBILE HOME,(702) 457-3909,CLARK,,MEDIUM (51-100),98,unit count unknown
20255 VICK DR,NEW CANEY,TX,77357,WHITE OAK ESTATES,NOT AVAILABLE,MONTGOMERY,,MEDIUM (51-100),98,unit count unknown
2050 SOUTH BURLESON BOULEVARD,BURLESON,TX,76028,WILLIAMS TRAILER PARK,(817) 295-7494,JOHNSON,,MEDIUM (51-100),98,unit count unknown
707 WEST 12TH STREET,COLUMBIA,TN,38401,WOODLAND MOBILE VILLAGE,(931) 381-3873,MAURY,,MEDIUM (51-100),98,unit count unknown
37216-110 ONEIDA COURT,ZEPHYRHILLS,FL,33542,ZEPHYR MINI STORAGE TRAILER PARK,(813) 782-1155,PASCO,,MEDIUM (51-100),98,unit count unknown
37707 STATE 54 ROAD,ZEPHYRHILLS,FL,33541,ANDY'S TRAVEL TRAILER PARK,(813) 782-3843,PASCO,,MEDIUM (51-100),98,RV park; unit count unknown
"401 N WALL STREET, LOT 75",BUSHNELL,FL,33513,BUSHNELL TRAILER COURT,(352) 793-3511,SUMTER,,MEDIUM (51-100),98,RV park; unit count unknown
3931 SW COLLEGE ROAD,OCALA,FL,34474,CAMPER VILLAGE,(352) 237-3236,MARION,,MEDIUM (51-100),98,RV park; unit count unknown
1425 S R 16,ST AUGUSTINE,FL,32084,COOKSEY'S R.V. PARK,(904) 824-4816,ST JOHNS,,MEDIUM (51-100),98,RV park; unit count unknown
10249 US 98 HIGHWAY,DADE CITY,FL,33525,COUNTRY AIRE MANOR RV PARK,(352) 523-1228,PASCO,,MEDIUM (51-100),98,RV park; unit count unknown
7025 FAIRVIEW VILLAGE CIRCLE,WINTER HAVEN,FL,33881,FAIRVIEW VILLAGE,(863) 422-9584,POLK,,MEDIUM (51-100),98,RV park; unit count unknown
1015 SR 542 W,DUNDEE,FL,33838,GREENFIELD VILLAGE RV PARK,(863) 439-7409,POLK,,MEDIUM (51-100),98,RV park; unit count unknown
10121 CR 44E,LEESBURG,FL,34788,HAINES CREEK RV VILLAGE,(352) 728-5939,LAKE,,MEDIUM (51-100),98,RV park; unit count unknown
4535 US HIGHWAY 92 EAST,LAKELAND,FL,33801,LAKELAND VILLAGE,(863) 665-7151,POLK,,MEDIUM (51-100),98,RV park; unit count unknown
1020 LAKESIDE DRIVE,BROOKSVILLE,FL,34601,"LAKESIDE MOBILE MANOR, LLP",(352) 796-4600,HERNANDO,,MEDIUM (51-100),98,RV park; unit count unknown
9071 TAMIAMI TRAIL S,VENICE,FL,34293,MEADOWS MOTEL & TRAILER,(941) 426-4183,SARASOTA,,MEDIUM (51-100),98,RV park; unit count unknown
10000 W LAKE LOWERY ROAD,HAINES CITY,FL,33844,OAK HARBOR CAMPGROUND & MOBILE HOME PARK,(863) 956-1341,POLK,,MEDIUM (51-100),98,RV park; unit count unknown
647 NUNA AVENUE,FORT MYERS,FL,33905,ORANGE GROVE HOME & RV PARK,(239) 694-5534,LEE,,MEDIUM (51-100),98,RV park; unit count unknown
1675 CAMP SOUTH MOON RD,ASTOR,FL,32102,PARRAMORE'S CAMPGROUND,(749) 749-2721,VOLUSIA,,MEDIUM (51-100),98,RV park; unit count unknown
6808 LAKE GRIFFIN ROAD,LADY LAKE,FL,32159,PINE ISLAND FISH CAMP INC.,(352) 753-2972,LAKE,,MEDIUM (51-100),98,RV park; unit count unknown
"34700 S HAINES CREEK ROAD, LOT O",LEESBURG,FL,34788,SHADY OAKS MHP & RV PARK,(352) 742-0234,LAKE,,MEDIUM (51-100),98,RV park; unit count unknown
902 WEST INTERSTATE 20,WEATHERFORD,TX,76086,WESTRIDGE VILLAGE MOBILE HOME,(817) 594-0459,PARKER,,MEDIUM (51-100),98,RV park; unit count unknown
1700 NE 115TH AVENUE,SILVER SPRINGS,FL,34488,WHISPERING PINES RV PARK,(352) 625-1295,MARION,,MEDIUM (51-100),98,RV park; unit count unknown
1617 HERITAGE PARK RD,PRESCOTT,AZ,86301,WILLOW LAKE RV PARK,NOT AVAILABLE,YAVAPAI,,MEDIUM (51-100),98,RV park; unit count unknown
17890 SLATER ROAD,NORTH FORT MYERS,FL,33917,AL JONES TRAILER PARK,(239) 543-4081,LEE,14,SMALL (<50),97,
2133 TURNBULL BAY ROAD,NEW SMYRNA BEACH,FL,32168,BAY-VIEW TRAILER PARK,NOT AVAILABLE,VOLUSIA,13,SMALL (<50),97,
14400 BELLA BELLA LANE,ODESSA,FL,33556,BELLA BELLA TRAILER PARK,(813) 920-2403,PASCO,11,SMALL (<50),97,
760 SAN CARLOS DRIVE,FORT MYERS BEACH,FL,33931,BON AIRE DELUXE TRAVELER COURT,(239) 218-3859,LEE,23,SMALL (<50),97,
118 COLORADO AVENUE,LAKELAND,FL,33801,COLORADO COURT,(863) 559-2005,POLK,10,SMALL (<50),97,
16001 TULIP TREE DRIVE,SPRING HILL,FL,34610,COUNTRY ACRES MOBILE HOME PARK,(727) 856-2889,PASCO,13,SMALL (<50),97,
901 NE 95TH STREET,OCALA,FL,34479,COUNTRY ESTATES MHP,(954) 520-1683,MARION,13,SMALL (<50),97,
407 WOODLAND AVENUE,LAKELAND,FL,33801,COZY COURT MOTEL & MHP & RV,(863) 665-4179,POLK,11,SMALL (<50),97,
527 W CRESCENT DRIVE,LAKELAND,FL,33809,CRESCENT COURT MHP A,(863) 559-9623,POLK,11,SMALL (<50),97,
5100 S PINE AVENUE,OCALA,FL,34470,CROSS COUNTRY MOTOR LODGE,(352) 288-9800,MARION,15,SMALL (<50),97,
224 S LAKE AVENUE,TAVARES,FL,32778,DORA CANAL COURT,(352) 343-6481,LAKE,14,SMALL (<50),97,
1709 RIDGEWOOD AVENUE S,EDGEWATER,FL,32132,DRIFTWOOD VILLAGE,(386) 428-2906,VOLUSIA,24,SMALL (<50),97,
755 ESPANOLA AVENUE,ORMOND BEACH,FL,32174,EL RAY TRAILER PARK,NOT AVAILABLE,VOLUSIA,10,SMALL (<50),97,
145 TOUCHSTONE ROAD,NORTH FORT MYERS,FL,33903,EVERGREEN TRAILER PARK,(239) 936-6167,LEE,14,SMALL (<50),97,
3804 N FLORIDA AVENUE,LAKELAND,FL,33805,FOREST OAK ESTATES,(863) 682-8792,POLK,12,SMALL (<50),97,
4511 LAND O'LAKES BOULEVARD,LAND O' LAKES,FL,34639,GARLAND MOTOR COURT,(813) 996-2330,PASCO,12,SMALL (<50),97,
2911 LOCKWOOD RIDGE ROAD N,SARASOTA,FL,34234,GILLESPIE VILLAGE,(941) 953-6970,SARASOTA,20,SMALL (<50),97,
37219 GONZALEZ COURT,DADE CITY,FL,33525,GONZALEZ BROS. COURT,(813) 714-4394,PASCO,15,SMALL (<50),97,
6025 NEW TAMPA HIGHWAY,LAKELAND,FL,33811,GREEN VILLAGE MOBILE HOME PARK,NOT AVAILABLE,POLK,10,SMALL (<50),97,
200 NW 73RD AVENUE,OCALA,FL,34482,HAPPY ACRES M H P,(352) 598-8659,MARION,10,SMALL (<50),97,
5564 BAYSHORE DRIVE W,PONCE INLET,FL,32127,HARBOR OAKS TRAILER PARK,(386) 441-1874,VOLUSIA,10,SMALL (<50),97,
6637 AVENUE A,SARASOTA,FL,34231,HAVENER TRAILER PARK,(941) 924-2257,SARASOTA,17,SMALL (<50),97,
725 CHESTNUT ROAD,LAKELAND,FL,33801,HELEN'S MOBILE HOME PARK,(863) 422-4272,POLK,11,SMALL (<50),97,
1305 HOWELL AVENUE,BROOKSVILLE,FL,34601,HICKORY GROVE MOBILE HOME PARK,(813) 679-1981,HERNANDO,18,SMALL (<50),97,
1247 LPGA BOULEVARD,HOLLY HILL,FL,32117,HILLSIDE TRAILER PARK,(386) 366-3480,VOLUSIA,20,SMALL (<50),97,
10950 SE 19 COURT,OCALA,FL,34480,HOPE'S MOBILE HOME PARK,(352) 368-1803,MARION,13,SMALL (<50),97,
3471 BAHIA VISTA STREET,SARASOTA,FL,34239,HOSTETLER TRAILER PARK,(941) 650-0135,SARASOTA,21,SMALL (<50),97,
1149 IDLEWILD AVENUE,GREEN COVE SPRINGS,FL,32043,IDLEWILD TRAILER PARK,(904) 572-8315,CLAY,10,SMALL (<50),97,
3625 KATHLEEN ROAD,LAKELAND,FL,33809,KATHLEEN OAK MHP,(863) 859-6630,POLK,16,SMALL (<50),97,
20046 JOSEPH LANE,LAND O' LAKES,FL,34639,KAY'S MOBILE HOME PARK,(813) 996-4104,PASCO,13,SMALL (<50),97,
38814 C AVENUE,ZEPHYRHILLS,FL,33542,KIMBALL COURT,(407) 876-3990,PASCO,22,SMALL (<50),97,
27966 OAKLAND DR,BONITA SPRINGS,FL,34135,KINGSTON ACRES MOBILE HOME PARK,(239) 992-2658,LEE,18,SMALL (<50),97,
1090 N US 1 HIGHWAY,ORMOND BEACH,FL,32174,KURRAS MOBILE VILLAGE,(386) 308-6961,VOLUSIA,12,SMALL (<50),97,
1500 KAUFMAN AVENUE,SARASOTA,FL,34239,L AND L TRAILER PARK,(941) 957-1937,SARASOTA,15,SMALL (<50),97,
