NAME,ADDRESS,CITY,STATE,ZIP,TELEPHONE,COUNTY,UNITS,SIZE,TOTAL_SCORE,OWNER_NAME,OWNER_MAIL_ADDR,OWNER_MAIL_CITY,OWNER_MAIL_STATE,OWNER_MAIL_ZIP,PARCEL_ID,LAST_SALE_YR,LAST_SALE_PRICE,JUST_VALUE,TENURE_YRS,OWNER_TYPE,ABSENTEE,STATUS,LOOKUP_URL
ANCLOTE ACRES L.L.C.,1210 CALVARY ROAD,HOLIDAY,FL,34690,(727) 938-3869,PASCO,38,SMALL (<50),100,,,,,,,,,,,,,needs manual lookup,https://www.google.com/search?q=PASCO+county+FL+property+search+ANCLOTE+ACRES+L.L.C.+HOLIDAY
ARISTOCRAT TRAILER PARK,677 TAMIAMI TRAIL N,NOKOMIS,FL,34275,(941) 488-7272,SARASOTA,25,SMALL (<50),100,,,,,,,,,,,,,needs manual lookup,https://www.google.com/search?q=SARASOTA+county+FL+property+search+ARISTOCRAT+TRAILER+PARK+NOKOMIS
BAHR'S MOBILE HOME PARK,39444 DANCERS LANE,ZEPHYRHILLS,FL,33542,(813) 782-7201,PASCO,51,MEDIUM (51-100),100,,,,,,,,,,,,,needs manual lookup,https://www.google.com/search?q=PASCO+county+FL+property+search+BAHR%27S+MOBILE+HOME+PARK+ZEPHYRHILLS
BIG LAKE VILLAGE,12701 SE SUNSET HARBOR ROAD,WEIRSDALE,FL,32195,(352) 434-7276,MARION,60,MEDIUM (51-100),100,,,,,,,,,,,,,needs manual lookup,https://www.google.com/search?q=MARION+county+FL+property+search+BIG+LAKE+VILLAGE+WEIRSDALE
BOB'S LANDING MHP & MARINA,906 OHLINGER ROAD,BABSON PARK,FL,33827,(863) 638-1912,POLK,60,SMALL (<50),100,,,,,,,,,,,,,needs manual lookup,https://www.google.com/search?q=POLK+county+FL+property+search+BOB%27S+LANDING+MHP+%26+MARINA+BABSON+PARK
CARTER'S MOBILE VILLAGE,2450 S RIDGEWOOD,EDGEWATER,FL,32141,(386) 428-8916,VOLUSIA,49,SMALL (<50),100,,,,,,,,,,,,,needs manual lookup,https://www.google.com/search?q=VOLUSIA+county+FL+property+search+CARTER%27S+MOBILE+VILLAGE+EDGEWATER
COQUINA OAK'S MOBILE HOME,950 SIDNEY STREET,ST AUGUSTINE,FL,32086,(484) 716-9408,ST JOHNS,25,SMALL (<50),100,,,,,,,,,,,,,needs manual lookup,https://www.google.com/search?q=ST+JOHNS+county+FL+property+search+COQUINA+OAK%27S+MOBILE+HOME+ST+AUGUSTINE
CORALWOOD VILLAGE MHP,419 SW PINE ISLAND ROAD,CAPE CORAL,FL,33991,(239) 574-4945,LEE,53,MEDIUM (51-100),100,,,,,,,,,,,,,needs manual lookup,https://www.google.com/search?q=LEE+county+FL+property+search+CORALWOOD+VILLAGE+MHP+CAPE+CORAL
COUNTRY AIRE MOBILE HOME PARK,6881 NE 2ND LOOP,OCALA,FL,34470,(352) 236-3378,MARION,25,SMALL (<50),100,,,,,,,,,,,,,needs manual lookup,https://www.google.com/search?q=MARION+county+FL+property+search+COUNTRY+AIRE+MOBILE+HOME+PARK+OCALA
COUNTRY OAKS MOBILE HOME PARK,1311 NW 35TH STREET,OCALA,FL,34475,(954) 394-2766,MARION,27,SMALL (<50),100,,,,,,,,,,,,,needs manual lookup,https://www.google.com/search?q=MARION+county+FL+property+search+COUNTRY+OAKS+MOBILE+HOME+PARK+OCALA
CYPRESS ACRES MHP,8 POWELL ROAD,WINTER HAVEN,FL,33880,(863) 291-0643,POLK,26,SMALL (<50),100,,,,,,,,,,,,,needs manual lookup,https://www.google.com/search?q=POLK+county+FL+property+search+CYPRESS+ACRES+MHP+WINTER+HAVEN
DELAND MUNICIPAL TRAILER PARK,140 W WALTS AVENUE,DELAND,FL,32720,(386) 740-5800,VOLUSIA,48,SMALL (<50),100,,,,,,,,,,,,,needs manual lookup,https://www.google.com/search?q=VOLUSIA+county+FL+property+search+DELAND+MUNICIPAL+TRAILER+PARK+DELAND
DUKE'S LANDING,04056 PICCIOLA ROAD,FRUITLAND PARK,FL,34731,(813) 770-4172,LAKE,58,SMALL (<50),100,,,,,,,,,,,,,needs manual lookup,https://www.google.com/search?q=LAKE+county+FL+property+search+DUKE%27S+LANDING+FRUITLAND+PARK
EL TONTERIA MOBILE COURT,1520 PARSONS ROAD,KISSIMMEE,FL,34744,(407) 319-2900,OSCEOLA,34,SMALL (<50),100,,,,,,,,,,,,,needs manual lookup,https://www.google.com/search?q=OSCEOLA+county+FL+property+search+EL+TONTERIA+MOBILE+COURT+KISSIMMEE
ENGLEWOOD GREENS MOBILE VILLAGE,250 MCCALL ROAD N,ENGLEWOOD,FL,34223,(941) 474-1353,SARASOTA,30,SMALL (<50),100,,,,,,,,,,,,,needs manual lookup,https://www.google.com/search?q=SARASOTA+county+FL+property+search+ENGLEWOOD+GREENS+MOBILE+VILLAGE+ENGLEWOOD
FISHERMAN'S ADULT MOBILE HM PK,4500 PINE ISLAND ROAD NW,MATLACHA,FL,33993,(239) 283-5141,LEE,40,SMALL (<50),100,,,,,,,,,,,,,needs manual lookup,https://www.google.com/search?q=LEE+county+FL+property+search+FISHERMAN%27S+ADULT+MOBILE+HM+PK+MATLACHA
FISHERMAN'S WHARF,05101 EAGLES NEST ROAD,FRUITLAND PARK,FL,34731,(352) 360-0600,LAKE,59,MEDIUM (51-100),100,,,,,,,,,,,,,needs manual lookup,https://www.google.com/search?q=LAKE+county+FL+property+search+FISHERMAN%27S+WHARF+FRUITLAND+PARK
FROSTPROOF MOBILE VILLAGE,375 WEST H STREET,FROSTPROOF,FL,33843,(863) 635-4800,POLK,29,SMALL (<50),100,,,,,,,,,,,,,needs manual lookup,https://www.google.com/search?q=POLK+county+FL+property+search+FROSTPROOF+MOBILE+VILLAGE+FROSTPROOF
GAR FAIR TRAILER PARK,3103 9TH STREET W,BRADENTON,FL,34205,(941) 815-2844,MANATEE,54,MEDIUM (51-100),100,,,,,,,,,,,,,needs manual lookup,https://www.google.com/search?q=MANATEE+county+FL+property+search+GAR+FAIR+TRAILER+PARK+BRADENTON
GOLDEN GROVE MHP,1101 GOLDEN PARKWAY,ST CLOUD,FL,34769,(407) 957-7979,OSCEOLA,48,SMALL (<50),100,,,,,,,,,,,,,needs manual lookup,https://www.google.com/search?q=OSCEOLA+county+FL+property+search+GOLDEN+GROVE+MHP+ST+CLOUD
GRAY ACRES,1450 MADELINE AVENUE,DAYTONA BEACH,FL,32119,(386) 760-3823,VOLUSIA,43,SMALL (<50),100,,,,,,,,,,,,,needs manual lookup,https://www.google.com/search?q=VOLUSIA+county+FL+property+search+GRAY+ACRES+DAYTONA+BEACH
GREEN ACRES MOBILE HOME PARK,4331 LAKE BUFFUM ROAD,LAKE WALES,FL,33859,(941) 429-0116,POLK,41,SMALL (<50),100,,,,,,,,,,,,,needs manual lookup,https://www.google.com/search?q=POLK+county+FL+property+search+GREEN+ACRES+MOBILE+HOME+PARK+LAKE+WALES
HICKS ROAD TRAILER PARK,10021 LYONS LANE,HUDSON,FL,34669,(727) 992-2684,PASCO,27,SMALL (<50),100,,,,,,,,,,,,,needs manual lookup,https://www.google.com/search?q=PASCO+county+FL+property+search+HICKS+ROAD+TRAILER+PARK+HUDSON
KEENE'S ADULT MOBILE HOME PARK,12301 CARL LOOP,DADE CITY,FL,33525,(352) 567-6079,PASCO,37,SMALL (<50),100,,,,,,,,,,,,,needs manual lookup,https://www.google.com/search?q=PASCO+county+FL+property+search+KEENE%27S+ADULT+MOBILE+HOME+PARK+DADE+CITY
LAKE DORA TRAILER PARK,120 DORA AVENUE,TAVARES,FL,32778,(970) 884-7150,LAKE,42,SMALL (<50),100,,,,,,,,,,,,,needs manual lookup,https://www.google.com/search?q=LAKE+county+FL+property+search+LAKE+DORA+TRAILER+PARK+TAVARES
LAKESIDE GARDENS,249 LAKESIDE GARDEN CIRCLE,LAKE WALES,FL,33859,(813) 949-4139,POLK,54,SMALL (<50),100,,,,,,,,,,,,,needs manual lookup,https://www.google.com/search?q=POLK+county+FL+property+search+LAKESIDE+GARDENS+LAKE+WALES
"LAND SOUTH COUNTRY VILLAS, LLC",5435 LEWELLYN ROAD,LAKELAND,FL,33810,(863) 255-2941,POLK,45,SMALL (<50),100,,,,,,,,,,,,,needs manual lookup,https://www.google.com/search?q=POLK+county+FL+property+search+LAND+SOUTH+COUNTRY+VILLAS%2C+LLC+LAKELAND
LAND SOUTH OAK MEADOWS LLC,8535 MATHEWS ROAD,LAKELAND,FL,33801,(863) 859-7942,POLK,52,SMALL (<50),100,,,,,,,,,,,,,needs manual lookup,https://www.google.com/search?q=POLK+county+FL+property+search+LAND+SOUTH+OAK+MEADOWS+LLC+LAKELAND
LUTZ TRAILER PARK,101 INGHAM ROAD,NEW SMYRNA BEACH,FL,32168,NOT AVAILABLE,VOLUSIA,34,SMALL (<50),100,,,,,,,,,,,,,needs manual lookup,https://www.google.com/search?q=VOLUSIA+county+FL+property+search+LUTZ+TRAILER+PARK+NEW+SMYRNA+BEACH
MARY ANN TRAILER PARK,3608 14TH STREET W,BRADENTON,FL,34205,(941) 773-4465,MANATEE,38,SMALL (<50),100,,,,,,,,,,,,,needs manual lookup,https://www.google.com/search?q=MANATEE+county+FL+property+search+MARY+ANN+TRAILER+PARK+BRADENTON
MERE'S MOBILE HOME PARK 3,1555 N TAMIAMI TRAIL,NORTH FORT MYERS,FL,33903,(239) 707-3469,LEE,33,SMALL (<50),100,,,,,,,,,,,,,needs manual lookup,https://www.google.com/search?q=LEE+county+FL+property+search+MERE%27S+MOBILE+HOME+PARK+3+NORTH+FORT+MYERS
MINNEHAHA TRAILER PARK,660 HOOK STREET,CLERMONT,FL,34711,(352) 394-4497,LAKE,45,SMALL (<50),100,,,,,,,,,,,,,needs manual lookup,https://www.google.com/search?q=LAKE+county+FL+property+search+MINNEHAHA+TRAILER+PARK+CLERMONT
OAK HAVEN MHP,1630 NORTH CR 547,DAVENPORT,FL,33837,(813) 689-0569,POLK,28,SMALL (<50),100,,,,,,,,,,,,,needs manual lookup,https://www.google.com/search?q=POLK+county+FL+property+search+OAK+HAVEN+MHP+DAVENPORT
OAK LANE MOBILE HOME PARK,14236 MAX HOOKS ROAD 62,CLERMONT,FL,34711,(352) 243-7577,LAKE,60,MEDIUM (51-100),100,,,,,,,,,,,,,needs manual lookup,https://www.google.com/search?q=LAKE+county+FL+property+search+OAK+LANE+MOBILE+HOME+PARK+CLERMONT
OAK MEADOWS MH & RV PARK,3655 E JOHNSON AVENUE,HAINES CITY,FL,33844,(813) 267-2672,POLK,53,SMALL (<50),100,,,,,,,,,,,,,needs manual lookup,https://www.google.com/search?q=POLK+county+FL+property+search+OAK+MEADOWS+MH+%26+RV+PARK+HAINES+CITY
PINE GROVE MOBILE HOME PARK,18681 N HWY 441,REDDICK,FL,32686,(352) 207-9741,MARION,30,SMALL (<50),100,,,,,,,,,,,,,needs manual lookup,https://www.google.com/search?q=MARION+county+FL+property+search+PINE+GROVE+MOBILE+HOME+PARK+REDDICK
PINE GROVE MOBILE HOME PARK,2245 NEW TAMPA HIGHWAY,LAKELAND,FL,33801,(352) 207-9741,POLK,25,SMALL (<50),100,,,,,,,,,,,,,needs manual lookup,https://www.google.com/search?q=POLK+county+FL+property+search+PINE+GROVE+MOBILE+HOME+PARK+LAKELAND
PINE MANOR EAST MOBILE HOME PARK,2815 NW PINE AVENUE,OCALA,FL,34475,(352) 463-1890,MARION,52,MEDIUM (51-100),100,,,,,,,,,,,,,needs manual lookup,https://www.google.com/search?q=MARION+county+FL+property+search+PINE+MANOR+EAST+MOBILE+HOME+PARK+OCALA
PINE NEEDLE PARK,6280 HAMILTON DRIVE 3,FORT MYERS,FL,33905,(239) 694-3286,LEE,43,SMALL (<50),100,,,,,,,,,,,,,needs manual lookup,https://www.google.com/search?q=LEE+county+FL+property+search+PINE+NEEDLE+PARK+FORT+MYERS
PIONEER TRAILER PARK,1615 51ST AVENUE E,BRADENTON,FL,34203,(727) 386-6479,MANATEE,37,SMALL (<50),100,,,,,,,,,,,,,needs manual lookup,https://www.google.com/search?q=MANATEE+county+FL+property+search+PIONEER+TRAILER+PARK+BRADENTON
REEDY HAVEN TRAILER PARK,285 LAKE AVENUE,FROSTPROOF,FL,33843,(863) 635-4783,POLK,36,SMALL (<50),100,,,,,,,,,,,,,needs manual lookup,https://www.google.com/search?q=POLK+county+FL+property+search+REEDY+HAVEN+TRAILER+PARK+FROSTPROOF
SHADY ACRES MHP AND RV PARK,14417 US HIGHWAY 19,BAYONET POINT,FL,34667,(727) 868-9589,PASCO,48,MEDIUM (51-100),100,,,,,,,,,,,,,needs manual lookup,https://www.google.com/search?q=PASCO+county+FL+property+search+SHADY+ACRES+MHP+AND+RV+PARK+BAYONET+POINT
SHADY ACRES MOBILE HOME PARK,16901 SE HWY 301,SUMMERFIELD,FL,34491,(352) 445-1832,MARION,40,SMALL (<50),100,,,,,,,,,,,,,needs manual lookup,https://www.google.com/search?q=MARION+county+FL+property+search+SHADY+ACRES+MOBILE+HOME+PARK+SUMMERFIELD
SHADY GROVE MOBILE HOME PARK,5100 NW GAINESVILLE ROAD,OCALA,FL,34475,(352) 208-4814,MARION,28,SMALL (<50),100,,,,,,,,,,,,,needs manual lookup,https://www.google.com/search?q=MARION+county+FL+property+search+SHADY+GROVE+MOBILE+HOME+PARK+OCALA
SHADY OAKS MOBILE HOME PARK,1215 US HIGHWAY 17 92 N,DAVENPORT,FL,33837,NOT AVAILABLE,POLK,30,SMALL (<50),100,,,,,,,,,,,,,needs manual lookup,https://www.google.com/search?q=POLK+county+FL+property+search+SHADY+OAKS+MOBILE+HOME+PARK+DAVENPORT
SHADY OAKS MOBILE HOME PARK,3245 E MAIN STREET,LAKELAND,FL,33801,NOT AVAILABLE,POLK,30,SMALL (<50),100,,,,,,,,,,,,,needs manual lookup,https://www.google.com/search?q=POLK+county+FL+property+search+SHADY+OAKS+MOBILE+HOME+PARK+LAKELAND
SHADY REST MOBILE HOME PARK,37836 8TH AVENUE,ZEPHYRHILLS,FL,33542,(813) 782-3019,PASCO,60,SMALL (<50),100,,,,,,,,,,,,,needs manual lookup,https://www.google.com/search?q=PASCO+county+FL+property+search+SHADY+REST+MOBILE+HOME+PARK+ZEPHYRHILLS
SHADY VILLAGE TRAILER PARK,3200 NOVA ROAD S,DAYTONA BEACH,FL,32119,(386) 760-3823,VOLUSIA,55,MEDIUM (51-100),100,,,,,,,,,,,,,needs manual lookup,https://www.google.com/search?q=VOLUSIA+county+FL+property+search+SHADY+VILLAGE+TRAILER+PARK+DAYTONA+BEACH
SILVERWOOD VILLAGE M H P,201 NE 68 COURT,OCALA,FL,34470,(352) 236-3378,MARION,25,SMALL (<50),100,,,,,,,,,,,,,needs manual lookup,https://www.google.com/search?q=MARION+county+FL+property+search+SILVERWOOD+VILLAGE+M+H+P+OCALA
SOUTHWIND VILLAGE,1269 RIVER ROAD,NORTH FORT MYERS,FL,33903,(239) 995-8005,LEE,58,MEDIUM (51-100),100,,,,,,,,,,,,,needs manual lookup,https://www.google.com/search?q=LEE+county+FL+property+search+SOUTHWIND+VILLAGE+NORTH+FORT+MYERS
SOUTHWINDS MOBILE HOME COURT,1425 RITTER ROAD,LAKELAND,FL,33810,(863) 255-2941,POLK,35,SMALL (<50),100,,,,,,,,,,,,,needs manual lookup,https://www.google.com/search?q=POLK+county+FL+property+search+SOUTHWINDS+MOBILE+HOME+COURT+LAKELAND
SUN FRIENDLY COMMUNITY VILLAGE,2504 SUNSET DRIVE,KISSIMMEE,FL,34741,(407) 574-7775,OSCEOLA,45,LARGE (>100),100,,,,,,,,,,,,,needs manual lookup,https://www.google.com/search?q=OSCEOLA+county+FL+property+search+SUN+FRIENDLY+COMMUNITY+VILLAGE+KISSIMMEE
SUNNY OAKS MOBILE HOME PARK,6800 NW GAINESVILLE ROAD,OCALA,FL,34475,(855) 862-8837,MARION,55,SMALL (<50),100,,,,,,,,,,,,,needs manual lookup,https://www.google.com/search?q=MARION+county+FL+property+search+SUNNY+OAKS+MOBILE+HOME+PARK+OCALA
SUNNY SKIES MOBILE HOME PARK,32704 CANTWELL DRIVE,SAN ANTONIO,FL,33576,(352) 942-3367,PASCO,50,SMALL (<50),100,,,,,,,,,,,,,needs manual lookup,https://www.google.com/search?q=PASCO+county+FL+property+search+SUNNY+SKIES+MOBILE+HOME+PARK+SAN+ANTONIO
"SUNNYLAND COURT, INC.",19241 SAN CARLOS BOULEVARD,FORT MYERS BEACH,FL,33931,NOT AVAILABLE,LEE,31,SMALL (<50),100,,,,,,,,,,,,,needs manual lookup,https://www.google.com/search?q=LEE+county+FL+property+search+SUNNYLAND+COURT%2C+INC.+FORT+MYERS+BEACH
SUNSET ACRES,8086 HECK DRIVE,NORTH FORT MYERS,FL,33917,(239) 543-9990,LEE,25,SMALL (<50),100,,,,,,,,,,,,,needs manual lookup,https://www.google.com/search?q=LEE+county+FL+property+search+SUNSET+ACRES+NORTH+FORT+MYERS
SUNSET COVE MHP,2350 US HIGHWAY 92 WEST,WINTER HAVEN,FL,33881,(863) 268-1111,POLK,31,SMALL (<50),100,,,,,,,,,,,,,needs manual lookup,https://www.google.com/search?q=POLK+county+FL+property+search+SUNSET+COVE+MHP+WINTER+HAVEN
SUNSET SHORES CO-OP INC,1000 S CLINCH LAKE BOULEVARD,FROSTPROOF,FL,33843,(863) 635-2420,POLK,51,LARGE (>100),100,,,,,,,,,,,,,needs manual lookup,https://www.google.com/search?q=POLK+county+FL+property+search+SUNSET+SHORES+CO-OP+INC+FROSTPROOF
SUNSET VILLAGE,2 MELODY CIRCLE,EUSTIS,FL,32726,(352) 343-1214,LAKE,36,SMALL (<50),100,,,,,,,,,,,,,needs manual lookup,https://www.google.com/search?q=LAKE+county+FL+property+search+SUNSET+VILLAGE+EUSTIS
TERIO'S MOBILE HOME PARK,3520 E GASKIN ROAD,BARTOW,FL,33830,(863) 533-1253,POLK,40,SMALL (<50),100,,,,,,,,,,,,,needs manual lookup,https://www.google.com/search?q=POLK+county+FL+property+search+TERIO%27S+MOBILE+HOME+PARK+BARTOW
THREE PALMS TRAILER PARK,15007 OLD 441 HIGHWAY,TAVARES,FL,32778,NOT AVAILABLE,LAKE,32,SMALL (<50),100,,,,,,,,,,,,,needs manual lookup,https://www.google.com/search?q=LAKE+county+FL+property+search+THREE+PALMS+TRAILER+PARK+TAVARES
WILDWOOD ACRES,503 SHAWN AVENUE,WILDWOOD,FL,34785,(352) 748-0795,SUMTER,47,SMALL (<50),100,,,,,,,,,,,,,needs manual lookup,https://www.google.com/search?q=SUMTER+county+FL+property+search+WILDWOOD+ACRES+WILDWOOD
WILLOW OAK II MHP,3845 STATE ROAD 60 W,MULBERRY,FL,33860,(863) 425-2281,POLK,26,SMALL (<50),100,,,,,,,,,,,,,needs manual lookup,https://www.google.com/search?q=POLK+county+FL+property+search+WILLOW+OAK+II+MHP+MULBERRY
WINTER DREAMS TRAILER PARK,17881 N TAMIAMI TRAIL,NORTH FORT MYERS,FL,33903,(239) 731-5404,LEE,26,SMALL (<50),100,,,,,,,,,,,,,needs manual lookup,https://www.google.com/search?q=LEE+county+FL+property+search+WINTER+DREAMS+TRAILER+PARK+NORTH+FORT+MYERS
A & L MOBILE HOME VILLAGE,573 LONG HOLLOW PIKE,GALLATIN,TN,37066,(615) 452-5104,SUMNER,,MEDIUM (51-100),98,,,,,,,,,,,,,needs manual lookup,https://assessment.cot.tn.gov/RE_Assessment/
ACRES OF SPACE MOBILE HOME,1105 ACRES OF SPACE DRIVE,KNIGHTDALE,NC,27545,(919) 266-4389,WAKE,,MEDIUM (51-100),98,,,,,,,,,,,,,needs manual lookup,https://services.wake.gov/realestate/
AMERICAN MOBILE VILLAGE,1524 EAST BURT DRIVE,COLUMBIA,TN,38401,(931) 388-1485,MAURY,,MEDIUM (51-100),98,,,,,,,,,,,,,needs manual lookup,https://assessment.cot.tn.gov/RE_Assessment/
APACHE WEST MOBILE VILLAGE,1035 WEST MAIN STREET,MESA,AZ,85201,(480) 969-7147,MARICOPA,,MEDIUM (51-100),98,,,,,,,,,,,,,needs manual lookup,https://mcassessor.maricopa.gov/
BATTLEFIELD TRAILER PARK,650 EDGEWOOD BOULEVARD,FRANKLIN,TN,37064,(615) 794-6416,WILLIAMSON,,MEDIUM (51-100),98,,,,,,,,,,,,,needs manual lookup,https://assessment.cot.tn.gov/RE_Assessment/
BELL ACRES MHP,3824 EAST PARADISE LANE,PHOENIX,AZ,85032,(602) 971-2335,MARICOPA,,MEDIUM (51-100),98,,,,,,,,,,,,,needs manual lookup,https://mcassessor.maricopa.gov/
BIG COUNTRY MOBILE HOME PARK,4435 US 321,GASTON,SC,29053,NOT AVAILABLE,LEXINGTON,,MEDIUM (51-100),98,,,,,,,,,,,,,needs manual lookup,https://lex-co.sc.gov/departments/assessor
BLAIR'S JUNGLE DEN,1820 JUNGLE DEN ROAD,ASTOR,FL,32102,(386) 749-2264,VOLUSIA,,MEDIUM (51-100),98,,,,,,,,,,,,,needs manual lookup,https://www.google.com/search?q=VOLUSIA+county+FL+property+search+BLAIR%27S+JUNGLE+DEN+ASTOR
BONAPARTE'S RETREAT 1,9013 BONAPARTE DR SW,CALABASH,NC,28467,NOT AVAILABLE,BRUNSWICK,,MEDIUM (51-100),98,,,,,,,,,,,,,needs manual lookup,https://tax.brunswickcountync.gov/itsnet/
BONNIE'S TRAILER COURT,2004 HIGHWAY 15,MYRTLE BEACH,SC,29577,(803) 448-6905,HORRY,,MEDIUM (51-100),98,,,,,,,,,,,,,needs manual lookup,https://www.horrycountysc.gov/apps/landrecords/
BROADWAY TRAILER COURT,2144 WEST BROADWAY ROAD,PHOENIX,AZ,85041,(602) 268-4738,MARICOPA,,MEDIUM (51-100),98,,,,,,,,,,,,,needs manual lookup,https://mcassessor.maricopa.gov/
BURKHART'S MHP,920 POWER STREET,CLARKSVILLE,TN,37042,(931) 647-2926,MONTGOMERY,,MEDIUM (51-100),98,,,,,,,,,,,,,needs manual lookup,https://assessment.cot.tn.gov/RE_Assessment/
CAMP VERDE MOBILE VILLAGE,723 WEST FINNEY FLATS ROAD,CAMP VERDE,AZ,86322,(520) 567-2868,YAVAPAI,,MEDIUM (51-100),98,,,,,,,,,,,,,needs manual lookup,https://yavapaiaz.gov/departments/assessor
CARDINAL ACRES MOBILE HOME PARK,NOT AVAILABLE,NOT AVAILABLE,NC,NOT AVAILABLE,NOT AVAILABLE,PENDER,,MEDIUM (51-100),98,,,,,,,,,,,,,needs manual lookup,https://www.pendercountync.gov/tax/
CEDAR GROVE MHP,3 SWEET GUM CIR,ROCKY POINT,NC,28457,NOT AVAILABLE,PENDER,,MEDIUM (51-100),98,,,,,,,,,,,,,needs manual lookup,https://www.pendercountync.gov/tax/
CHATEAU MOBILE HOME VILLAGE,1356 ID 41,POST FALLS,ID,83854,NOT AVAILABLE,KOOTENAI,,MEDIUM (51-100),98,,,,,,,,,,,,,needs manual lookup,https://www.kcgov.us/149/Assessor
CHRIS-TOWN TRAVEL TRAILER PARK,1919 WEST COLTER STREET,PHOENIX,AZ,85015,(602) 242-8812,MARICOPA,,MEDIUM (51-100),98,,,,,,,,,,,,,needs manual lookup,https://mcassessor.maricopa.gov/
CHUCK'S MHP,780 BETHEL SCHOOL ROAD,LAKE WYLIE,SC,29710,(803) 831-7717,YORK,,MEDIUM (51-100),98,,,,,,,,,,,,,needs manual lookup,https://www.yorkcountygov.com/309/Assessor
COOPER'S RANCH,3210 RAY RD,SPRING LAKE,NC,28390,NOT AVAILABLE,HARNETT,,MEDIUM (51-100),98,,,,,,,,,,,,,needs manual lookup,https://www.harnett.org/tax/
COUNTRY AIR MHP,2212 WEST GEORGIA ROAD,SIMPSONVILLE,SC,29680,(864) 277-3277,GREENVILLE,,MEDIUM (51-100),98,,,,,,,,,,,,,needs manual lookup,https://www.greenvillecounty.org/appsas400/votaxqry/
COUNTRY AIRE VILLAGE,39333 23RD STREET,ZEPHYRHILLS,FL,33542,NOT AVAILABLE,PASCO,,MEDIUM (51-100),98,,,,,,,,,,,,,needs manual lookup,https://www.google.com/search?q=PASCO+county+FL+property+search+COUNTRY+AIRE+VILLAGE+ZEPHYRHILLS
COUNTRY CLUB MHP,5209 TARGEE STREET,BOISE,ID,83705,(208) 342-1709,ADA,,MEDIUM (51-100),98,,,,,,,,,,,,,needs manual lookup,https://adacounty.id.gov/assessor/property-search/
COUNTRY CLUB PARK,1855 WEST WICKENBURG WAY,WICKENBURG,AZ,85390,(520) 684-2110,MARICOPA,,MEDIUM (51-100),98,,,,,,,,,,,,,needs manual lookup,https://mcassessor.maricopa.gov/
COUNTRY COUSINS MOBILE MECCA,61 WEST SOUTHERN AVENUE,MESA,AZ,85210,(480) 964-8202,MARICOPA,,MEDIUM (51-100),98,,,,,,,,,,,,,needs manual lookup,https://mcassessor.maricopa.gov/
COUNTRY ESTATES MHP,6109 FOOTE MINERAL LANE,KNOXVILLE,TN,37923,(423) 693-8541,KNOX,,MEDIUM (51-100),98,,,,,,,,,,,,,needs manual lookup,https://assessment.cot.tn.gov/RE_Assessment/
COUNTRY HILLS MOBILE ESTATES,11901 WEST MCDOWELL ROAD,AVONDALE,AZ,85323,(602) 932-3444,MARICOPA,,MEDIUM (51-100),98,,,,,,,,,,,,,needs manual lookup,https://mcassessor.maricopa.gov/
COUNTRY HOME MOBILE VILLAGE,23740 WEST US HIGHWAY 85,BUCKEYE,AZ,85326,(602) 386-4482,MARICOPA,,MEDIUM (51-100),98,,,,,,,,,,,,,needs manual lookup,https://mcassessor.maricopa.gov/
COUNTRY LAKES,4410 BAYBERRY DR,LITTLE RIVER,SC,29566,NOT AVAILABLE,HORRY,,MEDIUM (51-100),98,,,,,,,,,,,,,needs manual lookup,https://www.horrycountysc.gov/apps/landrecords/
COUNTRY LIVIN' ESTATES,1330 WILLIAMSON ROAD,GOODLETTSVILLE,TN,37072,(615) 859-0569,SUMNER,,MEDIUM (51-100),98,,,,,,,,,,,,,needs manual lookup,https://assessment.cot.tn.gov/RE_Assessment/
COUNTRY OAKS ESTATES,9043 DALLAS HOLLOW RD,SODDY-DAISY,TN,37379,NOT AVAILABLE,HAMILTON,,MEDIUM (51-100),98,,,,,,,,,,,,,needs manual lookup,https://assessment.cot.tn.gov/RE_Assessment/
COUNTRY VILLA,1105 NORTH 8TH STREET,AVONDALE,AZ,85323,(602) 932-2180,MARICOPA,,MEDIUM (51-100),98,,,,,,,,,,,,,needs manual lookup,https://mcassessor.maricopa.gov/
COUNTRY VILLAGE MHP,1339 WALD ROAD,NEW BRAUNFELS,TX,78132,(830) 625-1188,COMAL,,MEDIUM (51-100),98,,,,,,,,,,,,,needs manual lookup,https://esearch.comalad.org/
COUNTRY WEST,221 WEST MAIN STREET,AVONDALE,AZ,85323,(602) 932-3325,MARICOPA,,MEDIUM (51-100),98,,,,,,,,,,,,,needs manual lookup,https://mcassessor.maricopa.gov/
COUNTRYSIDE VILLAGE,200 EARLY ROAD,COLUMBIA,TN,38401,(931) 388-8412,MAURY,,MEDIUM (51-100),98,,,,,,,,,,,,,needs manual lookup,https://assessment.cot.tn.gov/RE_Assessment/
COURTSIDE VILLAGE OF GWINNETT,1125 HORIZON PKWY,BUFORD,GA,30518,NOT AVAILABLE,GWINNETT,,MEDIUM (51-100),98,,,,,,,,,,,,,needs manual lookup,https://gwinnettassessor.manatron.com/IWantTo/PropertyGISSearch.aspx
COZY TRAILER PARK,520 GENTRY WAY,RENO,NV,89502,(775) 825-0337,WASHOE,,MEDIUM (51-100),98,,,,,,,,,,,,,needs manual lookup,https://www.washoecounty.gov/assessor/online_data/
CREEKSIDE MHP,1420 OLD DUNBAR ROAD,WEST COLUMBIA,SC,29172,(803) 955-0805,LEXINGTON,,MEDIUM (51-100),98,,,,,,,,,,,,,needs manual lookup,https://lex-co.sc.gov/departments/assessor
CREEKSIDE MOBILE VILLAGE,4258 MASSEY PRESERVE TRL,RALEIGH,NC,27616,NOT AVAILABLE,WAKE,,MEDIUM (51-100),98,,,,,,,,,,,,,needs manual lookup,https://services.wake.gov/realestate/
DEER PARK TRAILER COURT,8810 DEERWOOD DRIVE,NORTH CHARLESTON,SC,29406,(843) 553-0883,CHARLESTON,,MEDIUM (51-100),98,,,,,,,,,,,,,needs manual lookup,https://sc-charleston.publicaccessnow.com/
DESERT VILLAGE MOBILE PARK,139 SOUTH CRISMON ROAD,MESA,AZ,85208,(480) 986-4070,MARICOPA,,MEDIUM (51-100),98,,,,,,,,,,,,,needs manual lookup,https://mcassessor.maricopa.gov/
EASTERN SHORE MOBILE HOME VILLAGE,19270 SOUTH GREENO ROAD,FAIRHOPE,AL,36532,(334) 928-7855,BALDWIN,,MEDIUM (51-100),98,,,,,,,,,,,,,needs manual lookup,https://baldwincountyal.gov/departments/revenue-commission
ELMWOOD TRAILER PARK,764 EAST CHANDLER BOULEVARD,CHANDLER,AZ,85225,(602) 963-8861,MARICOPA,,MEDIUM (51-100),98,,,,,,,,,,,,,needs manual lookup,https://mcassessor.maricopa.gov/
FIELDRIDGE ACRES,7800 WILKINSON BOULEVARD,CHARLOTTE,NC,28214,(704) 399-3521,MECKLENBURG,,MEDIUM (51-100),98,,,,,,,,,,,,,needs manual lookup,https://property.spatialest.com/nc/mecklenburg/
FOX FIRE VILLAGE MOBILE HOME,1101 2ND AVENUE NORTH,NORTH MYRTLE BEACH,SC,29582,(803) 249-4286,HORRY,,MEDIUM (51-100),98,,,,,,,,,,,,,needs manual lookup,https://www.horrycountysc.gov/apps/landrecords/
GOOD SAMARITAN VILLAGE,4199 WALES ST,KISSIMMEE,FL,34746,NOT AVAILABLE,OSCEOLA,,MEDIUM (51-100),98,,,,,,,,,,,,,needs manual lookup,https://www.google.com/search?q=OSCEOLA+county+FL+property+search+GOOD+SAMARITAN+VILLAGE+KISSIMMEE
GRANITE ACRES,NOT AVAILABLE,NOT AVAILABLE,NC,NOT AVAILABLE,(919) 457-1550,WAKE,,MEDIUM (51-100),98,,,,,,,,,,,,,needs manual lookup,https://services.wake.gov/realestate/
GREEN ACRES,819 N MIDLAND BLVD,NAMPA,ID,83651,NOT AVAILABLE,CANYON,,MEDIUM (51-100),98,,,,,,,,,,,,,needs manual lookup,https://www.canyoncounty.id.gov/elected-officials/assessor/
GREEN ACRES MHP,360 WEST 400 NORTH,SPRINGVILLE,UT,84663,(801) 489-6755,UTAH,,MEDIUM (51-100),98,,,,,,,,,,,,,needs manual lookup,https://www.utahcounty.gov/LandRecords/
GREEN ACRES MHP,7204 LARKSPUR LANE,POWELL,TN,37849,(423) 938-4736,KNOX,,MEDIUM (51-100),98,,,,,,,,,,,,,needs manual lookup,https://assessment.cot.tn.gov/RE_Assessment/
GREEN ACRES MOBILE & REC. VEHICLE PARK,2605 WEST VAN BUREN STREET,PHOENIX,AZ,85009,(602) 272-7863,MARICOPA,,MEDIUM (51-100),98,,,,,,,,,,,,,needs manual lookup,https://mcassessor.maricopa.gov/
GREEN ACRES TRAILER PARK,501 WEST MOANA LANE,RENO,NV,89509,(775) 827-2482,WASHOE,,MEDIUM (51-100),98,,,,,,,,,,,,,needs manual lookup,https://www.washoecounty.gov/assessor/online_data/
HENDERSONVILLE MOBILE VILLAGE,311 OLD SHACKLE ISLAND ROAD #47,HENDERSONVILLE,TN,37075,(615) 824-1811,SUMNER,,MEDIUM (51-100),98,,,,,,,,,,,,,needs manual lookup,https://assessment.cot.tn.gov/RE_Assessment/
JOPA TRAILER PARK,2006 PRATER WAY,SPARKS,NV,89431,(775) 358-4155,WASHOE,,MEDIUM (51-100),98,,,,,,,,,,,,,needs manual lookup,https://www.washoecounty.gov/assessor/online_data/
KING'S MOBILE ESTATES,19 KINGS MOBILE HOMES,OPELIKA,AL,36801,(334) 749-3320,LEE,,MEDIUM (51-100),98,,,,,,,,,,,,,needs manual lookup,https://leecountyrevenuecommissioner.com/
KIRKLEY'S MOBILE HOME COURT,2206 HIGHWAY 15,MYRTLE BEACH,SC,29577,(803) 448-2601,HORRY,,MEDIUM (51-100),98,,,,,,,,,,,,,needs manual lookup,https://www.horrycountysc.gov/apps/landrecords/
LAKESIDE VILLAGE,30 GIEL DRIVE,DELAND,FL,32720,(386) 734-1574,VOLUSIA,,MEDIUM (51-100),98,,,,,,,,,,,,,needs manual lookup,https://www.google.com/search?q=VOLUSIA+county+FL+property+search+LAKESIDE+VILLAGE+DELAND
LAMPLIGHTER VILLAGE HOME,7800 BONDHAVEN DRIVE,CHARLOTTE,NC,28215,(704) 568-0643,MECKLENBURG,,MEDIUM (51-100),98,,,,,,,,,,,,,needs manual lookup,https://property.spatialest.com/nc/mecklenburg/
MALLARD POINT TRAILER COURT,22260 HIGHWAY 98,FOLEY,AL,36535,(334) 943-2038,BALDWIN,,MEDIUM (51-100),98,,,,,,,,,,,,,needs manual lookup,https://baldwincountyal.gov/departments/revenue-commission
MAPLE CREEK ESTATES,903 S MAIN ST,GREER,SC,29650,NOT AVAILABLE,GREENVILLE,,MEDIUM (51-100),98,,,,,,,,,,,,,needs manual lookup,https://www.greenvillecounty.org/appsas400/votaxqry/
MAPLE MANOR,312 MAPLE STREET,SMYRNA,TN,37167,(615) 459-0090,RUTHERFORD,,MEDIUM (51-100),98,,,,,,,,,,,,,needs manual lookup,https://assessment.cot.tn.gov/RE_Assessment/
MEADOWS TRAILER PARK,1286 SOUTH MOJAVE ROAD,LAS VEGAS,NV,89104,(702) 457-2090,CLARK,,MEDIUM (51-100),98,,,,,,,,,,,,,needs manual lookup,https://maps.clarkcountynv.gov/assessor/AssessorParcelDetail/
MICHIGAN TRAILER PARK,3140 WEST OSBORN ROAD,PHOENIX,AZ,85017,(602) 269-0122,MARICOPA,,MEDIUM (51-100),98,,,,,,,,,,,,,needs manual lookup,https://mcassessor.maricopa.gov/
MIDWAY TRAILER PARK,1833 STACEY STREET,MYRTLE BEACH,SC,29577,(803) 293-2756,HORRY,,MEDIUM (51-100),98,,,,,,,,,,,,,needs manual lookup,https://www.horrycountysc.gov/apps/landrecords/
MIDWAY TRAILER PARK,1800 WARD DR,HENDERSON,NV,89011,NOT AVAILABLE,CLARK,,MEDIUM (51-100),98,,,,,,,,,,,,,needs manual lookup,https://maps.clarkcountynv.gov/assessor/AssessorParcelDetail/
MIMOSA TRAILER PARK,8783 DAYTON PIKE,SODDY-DAISY,TN,37379,(423) 332-2323,HAMILTON,,MEDIUM (51-100),98,,,,,,,,,,,,,needs manual lookup,https://assessment.cot.tn.gov/RE_Assessment/
MOORE'S MHP,701 ELM STREET,BOULDER CITY,NV,89005,(702) 293-2537,CLARK,,MEDIUM (51-100),98,,,,,,,,,,,,,needs manual lookup,https://maps.clarkcountynv.gov/assessor/AssessorParcelDetail/
NEW PROVIDENCE & SHADY REST,708 PROVIDENCE BOULEVARD,CLARKSVILLE,TN,37042,(931) 647-2389,MONTGOMERY,,MEDIUM (51-100),98,,,,,,,,,,,,,needs manual lookup,https://assessment.cot.tn.gov/RE_Assessment/
OAK BEND VILLAGE MOBILE HOME PARK,21271 W HWY 40,DUNNELLON,FL,34431,(352) 465-0877,MARION,,MEDIUM (51-100),98,,,,,,,,,,,,,needs manual lookup,https://www.google.com/search?q=MARION+county+FL+property+search+OAK+BEND+VILLAGE+MOBILE+HOME+PARK+DUNNELLON
OAK GROVE 2,44 DIXIE CIR,GREENVILLE,SC,29605,NOT AVAILABLE,GREENVILLE,,MEDIUM (51-100),98,,,,,,,,,,,,,needs manual lookup,https://www.greenvillecounty.org/appsas400/votaxqry/
OAK HILL MHP,3909 FORT WORTH HIGHWAY,WEATHERFORD,TX,76087,(817) 613-9090,PARKER,,MEDIUM (51-100),98,,,,,,,,,,,,,needs manual lookup,https://esearch.parkercad.org/
OLD FARM MOBILE HOME VILLAGE,236 LANDMARK ROAD,CONWAY,SC,29527,(803) 365-1755,HORRY,,MEDIUM (51-100),98,,,,,,,,,,,,,needs manual lookup,https://www.horrycountysc.gov/apps/landrecords/
OLEANDER COURT MHP,10035 COUNTY ROAD 83,ELBERTA,AL,36530,(334) 986-5791,BALDWIN,,MEDIUM (51-100),98,,,,,,,,,,,,,needs manual lookup,https://baldwincountyal.gov/departments/revenue-commission
OTRANTO ACRES MHP,2908 OTRANTO ROAD,NORTH CHARLESTON,SC,29406,(843) 797-3542,CHARLESTON,,MEDIUM (51-100),98,,,,,,,,,,,,,needs manual lookup,https://sc-charleston.publicaccessnow.com/
PALM DRIVE TRAILER RANCH,550 PALM DRIVE,WICKENBURG,AZ,85390,(520) 684-2376,MARICOPA,,MEDIUM (51-100),98,,,,,,,,,,,,,needs manual lookup,https://mcassessor.maricopa.gov/
PATRICK'S MHP,2000 HIGHWAY 15,MYRTLE BEACH,SC,29577,(803) 448-6369,HORRY,,MEDIUM (51-100),98,,,,,,,,,,,,,needs manual lookup,https://www.horrycountysc.gov/apps/landrecords/
PEACHTREE VILLAGE MOBILE HOME,1475 PEACHTREE INDUSTRIAL BOULEVARD,BUFORD,GA,30518,(770) 932-8451,GWINNETT,,MEDIUM (51-100),98,,,,,,,,,,,,,needs manual lookup,https://gwinnettassessor.manatron.com/IWantTo/PropertyGISSearch.aspx
PECAN ACRES MOBILE HOME PARK,6 PECAN ACRES MHP,MIDLOTHIAN,TX,76065,NOT AVAILABLE,ELLIS,,MEDIUM (51-100),98,,,,,,,,,,,,,needs manual lookup,https://esearch.elliscad.com/
PECAN VILLAGE MOBILE HOME PARK,88 OAK HILL DR,JOSHUA,TX,76058,NOT AVAILABLE,JOHNSON,,MEDIUM (51-100),98,,,,,,,,,,,,,needs manual lookup,https://esearch.johnsoncad.com/
PINE GROVE ESTATES,5217 RUSH ROAD,CONWAY,SC,29526,(803) 365-3335,HORRY,,MEDIUM (51-100),98,,,,,,,,,,,,,needs manual lookup,https://www.horrycountysc.gov/apps/landrecords/
PINE HILLS MHP,35 SUNRISE AVENUE,STOCKBRIDGE,GA,30281,(770) 474-1870,HENRY,,MEDIUM (51-100),98,,,,,,,,,,,,,needs manual lookup,https://qpublic.schneidercorp.com/Application.aspx?AppID=735
PINE LAKE VILLAGE,610 BRICK LANDING RD SW,SHALLOTTE,NC,28470,NOT AVAILABLE,BRUNSWICK,,MEDIUM (51-100),98,,,,,,,,,,,,,needs manual lookup,https://tax.brunswickcountync.gov/itsnet/
PINE LAWN RANCH MHP,910 WEST GURLEY STREET,PRESCOTT,AZ,86301,(520) 445-3924,YAVAPAI,,MEDIUM (51-100),98,,,,,,,,,,,,,needs manual lookup,https://yavapaiaz.gov/departments/assessor
PINE VALLEY ESTATES,3060 US 70,SMITHFIELD,NC,27577,NOT AVAILABLE,JOHNSTON,,MEDIUM (51-100),98,,,,,,,,,,,,,needs manual lookup,https://taxpay.johnstonnc.com/taxes/search
PINE VALLEY MHP,510 PINE HILL CIRCLE,LAWRENCEVILLE,GA,30045,(770) 963-6464,GWINNETT,,MEDIUM (51-100),98,,,,,,,,,,,,,needs manual lookup,https://gwinnettassessor.manatron.com/IWantTo/PropertyGISSearch.aspx
PLANTATION ACRES MOBILE HOME,3100 ROBERTS ROAD,KNOXVILLE,TN,37924,(423) 933-5715,KNOX,,MEDIUM (51-100),98,,,,,,,,,,,,,needs manual lookup,https://assessment.cot.tn.gov/RE_Assessment/
POOLE'S MANOR MFD. HOUSING,34 CLUB CIRCLE,ELLENWOOD,GA,30294,(770) 474-2840,HENRY,,MEDIUM (51-100),98,,,,,,,,,,,,,needs manual lookup,https://qpublic.schneidercorp.com/Application.aspx?AppID=735
QUEEN'S GRANT MHP,124 CARNIVAL STREET,CHARLOTTE,NC,28262,(704) 593-0020,MECKLENBURG,,MEDIUM (51-100),98,,,,,,,,,,,,,needs manual lookup,https://property.spatialest.com/nc/mecklenburg/
RED OAK MHP,1911 AUGUSTA HIGHWAY,WEST COLUMBIA,SC,29169,(803) 791-9090,LEXINGTON,,MEDIUM (51-100),98,,,,,,,,,,,,,needs manual lookup,https://lex-co.sc.gov/departments/assessor
RICHMOND TRAILER VILLAGE,110 RIVEREDGE DRIVE,RICHMOND,TX,77469,(281) 342-4907,FORT BEND,,MEDIUM (51-100),98,,,,,,,,,,,,,needs manual lookup,https://esearch.fbcad.org/
ROBBINS NEST MOBILE VILLAGE,479 SOUTH MOAPA VALLEY BOULEVARD,OVERTON,NV,89040,(775) 397-2364,CLARK,,MEDIUM (51-100),98,,,,,,,,,,,,,needs manual lookup,https://maps.clarkcountynv.gov/assessor/AssessorParcelDetail/
ROSEDALE MOBILE HOME COURT,1048 NORTH 48TH STREET,PHOENIX,AZ,85008,(602) 220-4596,MARICOPA,,MEDIUM (51-100),98,,,,,,,,,,,,,needs manual lookup,https://mcassessor.maricopa.gov/
ROYAL COACH VILLAGE,15500 HART ROAD,NORTH FORT MYERS,FL,33917,(239) 770-2149,LEE,,MEDIUM (51-100),98,,,,,,,,,,,,,needs manual lookup,https://www.google.com/search?q=LEE+county+FL+property+search+ROYAL+COACH+VILLAGE+NORTH+FORT+MYERS
ROYAL PALM VILLAGE,342 SOUTH 40TH STREET,MESA,AZ,85206,(480) 830-4736,MARICOPA,,MEDIUM (51-100),98,,,,,,,,,,,,,needs manual lookup,https://mcassessor.maricopa.gov/
SARABAY TRAILER COURT,718 TAMIAMI TRAIL S,OSPREY,FL,34229,(941) 966-7602,SARASOTA,,MEDIUM (51-100),98,,,,,,,,,,,,,needs manual lookup,https://www.google.com/search?q=SARASOTA+county+FL+property+search+SARABAY+TRAILER+COURT+OSPREY
SEVEN C'S MHP,120 WEST STATE ROAD,AMERICAN FORK,UT,84003,(801) 756-3996,UTAH,,MEDIUM (51-100),98,,,,,,,,,,,,,needs manual lookup,https://www.utahcounty.gov/LandRecords/
SHADE TREE VILLAGE,800 GENTRY WAY,RENO,NV,89502,(775) 825-8787,WASHOE,,MEDIUM (51-100),98,,,,,,,,,,,,,needs manual lookup,https://www.washoecounty.gov/assessor/online_data/
SHADY ACRES MOBILE PARK,1305 ADAMS STREET,PRESCOTT,AZ,86301,(520) 445-3320,YAVAPAI,,MEDIUM (51-100),98,,,,,,,,,,,,,needs manual lookup,https://yavapaiaz.gov/departments/assessor
SHADY GROVE MHP,613 5TH AVENUE SOUTH,MYRTLE BEACH,SC,29577,(803) 448-7243,HORRY,,MEDIUM (51-100),98,,,,,,,,,,,,,needs manual lookup,https://www.horrycountysc.gov/apps/landrecords/
SHADY GROVE MHP,349 SHADY GROVE RD,SPRING LAKE,NC,28390,NOT AVAILABLE,HARNETT,,MEDIUM (51-100),98,,,,,,,,,,,,,needs manual lookup,https://www.harnett.org/tax/
SHADY LANE MOBILE HOME & REC. VEHICLE,2436 NORTH AUSTIN STREET,SEGUIN,TX,78155,(830) 303-4400,GUADALUPE,,MEDIUM (51-100),98,,,,,,,,,,,,,needs manual lookup,https://esearch.guadalupead.org/
SHADY REST MHP,11435 EAST APACHE TRAIL,APACHE JUNCTION,AZ,85220,(480) 986-6997,MARICOPA,,MEDIUM (51-100),98,,,,,,,,,,,,,needs manual lookup,https://mcassessor.maricopa.gov/
SILVER SAND TRAILER PARK,9252 EAST BROADWAY ROAD,MESA,AZ,85208,(480) 984-6731,MARICOPA,,MEDIUM (51-100),98,,,,,,,,,,,,,needs manual lookup,https://mcassessor.maricopa.gov/
SPRUCE CREEK VILLAGE,515 LESLIE DR,PORT ORANGE,FL,32127,NOT AVAILABLE,VOLUSIA,,MEDIUM (51-100),98,,,,,,,,,,,,,needs manual lookup,https://www.google.com/search?q=VOLUSIA+county+FL+property+search+SPRUCE+CREEK+VILLAGE+PORT+ORANGE
STONY BROOK NORTH MOBILE HOME,3000 STONEYBROOK DRIVE,RALEIGH,NC,27604,(919) 872-2346,WAKE,,MEDIUM (51-100),98,,,,,,,,,,,,,needs manual lookup,https://services.wake.gov/realestate/
SUN TRAILER PARK,2200 WEST VAN BUREN STREET,PHOENIX,AZ,85009,(602) 253-2650,MARICOPA,,MEDIUM (51-100),98,,,,,,,,,,,,,needs manual lookup,https://mcassessor.maricopa.gov/
SUNRISE TRAILER PARK,101 OCOTILLO ST,HENDERSON,NV,89015,NOT AVAILABLE,CLARK,,MEDIUM (51-100),98,,,,,,,,,,,,,needs manual lookup,https://maps.clarkcountynv.gov/assessor/AssessorParcelDetail/
SUNSET MESA,929 NORTH DELAWARE DRIVE,APACHE JUNCTION,AZ,85220,(480) 982-2439,PINAL,,MEDIUM (51-100),98,,,,,,,,,,,,,needs manual lookup,https://www.pinalcountyaz.gov/Assessor
SUPERSTITION MOBILE VILLAGE,269 NORTH WINCHESTER ROAD,APACHE JUNCTION,AZ,85219,(480) 982-2746,PINAL,,MEDIUM (51-100),98,,,,,,,,,,,,,needs manual lookup,https://www.pinalcountyaz.gov/Assessor
SWANNS TRAILER PARK,84 SWANNS TLPK,AUBURN,AL,36832,NOT AVAILABLE,LEE,,MEDIUM (51-100),98,,,,,,,,,,,,,needs manual lookup,https://leecountyrevenuecommissioner.com/
SYLVAN GROVE,NOT AVAILABLE,NOT AVAILABLE,FL,NOT AVAILABLE,NOT AVAILABLE,HERNANDO,,MEDIUM (51-100),98,,,,,,,,,,,,,needs manual lookup,https://www.google.com/search?q=HERNANDO+county+FL+property+search+SYLVAN+GROVE+NOT+AVAILABLE
TEAL ACRES,9406 GREEN WING DR,MURRELLS INLET,SC,29576,NOT AVAILABLE,HORRY,,MEDIUM (51-100),98,,,,,,,,,,,,,needs manual lookup,https://www.horrycountysc.gov/apps/landrecords/
TIKI TAI VILLAGE,5745 WEST MARYLAND AVENUE,GLENDALE,AZ,85301,(623) 939-6090,MARICOPA,,MEDIUM (51-100),98,,,,,,,,,,,,,needs manual lookup,https://mcassessor.maricopa.gov/
TOWN & COUNTRY,1110 W. MARYLAND AVE,NOT AVAILABLE,AZ,NOT AVAILABLE,NOT AVAILABLE,MARICOPA,,MEDIUM (51-100),98,,,,,,,,,,,,,needs manual lookup,https://mcassessor.maricopa.gov/
TOWN & COUNTRY MHP,3751 SOUTH REDWOOD ROAD,WEST VALLEY CITY,UT,84119,(801) 973-7045,SALT LAKE,,MEDIUM (51-100),98,,,,,,,,,,,,,needs manual lookup,https://slco.org/assessor/new/query/interactive.cfm
TOWN AND COUNTRY ESTATES,NOT AVAILABLE,NOT AVAILABLE,NV,NOT AVAILABLE,NOT AVAILABLE,CLARK,,MEDIUM (51-100),98,,,,,,,,,,,,,needs manual lookup,https://maps.clarkcountynv.gov/assessor/AssessorParcelDetail/
TRAILER CORRAL,4040 WEST VAN BUREN STREET,PHOENIX,AZ,85009,(602) 278-6628,MARICOPA,,MEDIUM (51-100),98,,,,,,,,,,,,,needs manual lookup,https://mcassessor.maricopa.gov/
TURF PARADISE TRAVEL TRAILER PARK,1656 W TIERRA BUENA LN,PHOENIX,AZ,85023,(602) 942-4500,MARICOPA,,MEDIUM (51-100),98,,,,,,,,,,,,,needs manual lookup,https://mcassessor.maricopa.gov/
TURF TRAILER & MHP,1660 WEST BELL ROAD,PHOENIX,AZ,85023,(602) 942-8275,MARICOPA,,MEDIUM (51-100),98,,,,,,,,,,,,,needs manual lookup,https://mcassessor.maricopa.gov/
TWIN OAKS TRAILER PARK,5918 SELLERS ROAD,HANAHAN,SC,29406,(803) 554-5882,BERKELEY,,MEDIUM (51-100),98,,,,,,,,,,,,,needs manual lookup,https://berkeleycountysc.gov/dept/assessor/
VER-EL MOBILE VILLAGE,5560 CONCORD PKY S,CONCORD,NC,28027,NOT AVAILABLE,CABARRUS,,MEDIUM (51-100),98,,,,,,,,,,,,,needs manual lookup,https://www.cabarruscounty.us/departments/tax-administration
VILLAGE CREEK MOBILE HOME PARK,755 BURCALE RD,MYRTLE BEACH,SC,29579,NOT AVAILABLE,HORRY,,MEDIUM (51-100),98,,,,,,,,,,,,,needs manual lookup,https://www.horrycountysc.gov/apps/landrecords/
WAYSTAFF TOWN & COUNTRY,4190 PINE ST,KANNAPOLIS,NC,28081,NOT AVAILABLE,CABARRUS,,MEDIUM (51-100),98,,,,,,,,,,,,,needs manual lookup,https://www.cabarruscounty.us/departments/tax-administration
WEAVERS NEEDLE TRAVEL TRAILER,250 SOUTH TOMAHAWK ROAD,APACHE JUNCTION,AZ,85219,(480) 982-3683,PINAL,,MEDIUM (51-100),98,,,,,,,,,,,,,needs manual lookup,https://www.pinalcountyaz.gov/Assessor
WEBSTER'S CROSSING MOBILE HOME,425 WEBSTER ROAD #810,AUBURN,AL,36832,(334) 821-0171,LEE,,MEDIUM (51-100),98,,,,,,,,,,,,,needs manual lookup,https://leecountyrevenuecommissioner.com/
WEST PINE MANOR,1907 W FLAMINGO AVE,NAMPA,ID,83651,NOT AVAILABLE,CANYON,,MEDIUM (51-100),98,,,,,,,,,,,,,needs manual lookup,https://www.canyoncounty.id.gov/elected-officials/assessor/
WHISPERING PINES,3501 GORDON DR,MYRTLE BEACH,SC,29579,NOT AVAILABLE,HORRY,,MEDIUM (51-100),98,,,,,,,,,,,,,needs manual lookup,https://www.horrycountysc.gov/apps/landrecords/
WHISPERING PINES MOBILE HOME,8827 DEERWOOD DRIVE,NORTH CHARLESTON,SC,29406,(843) 553-5715,CHARLESTON,,MEDIUM (51-100),98,,,,,,,,,,,,,needs manual lookup,https://sc-charleston.publicaccessnow.com/
WHISPERING PINES MOBILE HOME,900 AIRPORT ROAD,CHATTANOOGA,TN,37421,(423) 899-8591,HAMILTON,,MEDIUM (51-100),98,,,,,,,,,,,,,needs manual lookup,https://assessment.cot.tn.gov/RE_Assessment/
WHISPERING SANDS MOBILE HOME,1481 PALM STREET,LAS VEGAS,NV,89104,(702) 457-3909,CLARK,,MEDIUM (51-100),98,,,,,,,,,,,,,needs manual lookup,https://maps.clarkcountynv.gov/assessor/AssessorParcelDetail/
WHITE OAK ESTATES,20255 VICK DR,NEW CANEY,TX,77357,NOT AVAILABLE,MONTGOMERY,,MEDIUM (51-100),98,,,,,,,,,,,,,needs manual lookup,https://esearch.mcad-tx.org/
WILLIAMS TRAILER PARK,2050 SOUTH BURLESON BOULEVARD,BURLESON,TX,76028,(817) 295-7494,JOHNSON,,MEDIUM (51-100),98,,,,,,,,,,,,,needs manual lookup,https://esearch.johnsoncad.com/
WOODLAND MOBILE VILLAGE,707 WEST 12TH STREET,COLUMBIA,TN,38401,(931) 381-3873,MAURY,,MEDIUM (51-100),98,,,,,,,,,,,,,needs manual lookup,https://assessment.cot.tn.gov/RE_Assessment/
ZEPHYR MINI STORAGE TRAILER PARK,37216-110 ONEIDA COURT,ZEPHYRHILLS,FL,33542,(813) 782-1155,PASCO,,MEDIUM (51-100),98,,,,,,,,,,,,,needs manual lookup,https://www.google.com/search?q=PASCO+county+FL+property+search+ZEPHYR+MINI+STORAGE+TRAILER+PARK+ZEPHYRHILLS
ANDY'S TRAVEL TRAILER PARK,37707 STATE 54 ROAD,ZEPHYRHILLS,FL,33541,(813) 782-3843,PASCO,,MEDIUM (51-100),98,,,,,,,,,,,,,needs manual lookup,https://www.google.com/search?q=PASCO+county+FL+property+search+ANDY%27S+TRAVEL+TRAILER+PARK+ZEPHYRHILLS
BUSHNELL TRAILER COURT,"401 N WALL STREET, LOT 75",BUSHNELL,FL,33513,(352) 793-3511,SUMTER,,MEDIUM (51-100),98,,,,,,,,,,,,,needs manual lookup,https://www.google.com/search?q=SUMTER+county+FL+property+search+BUSHNELL+TRAILER+COURT+BUSHNELL
CAMPER VILLAGE,3931 SW COLLEGE ROAD,OCALA,FL,34474,(352) 237-3236,MARION,,MEDIUM (51-100),98,,,,,,,,,,,,,needs manual lookup,https://www.google.com/search?q=MARION+county+FL+property+search+CAMPER+VILLAGE+OCALA
COOKSEY'S R.V. PARK,1425 S R 16,ST AUGUSTINE,FL,32084,(904) 824-4816,ST JOHNS,,MEDIUM (51-100),98,,,,,,,,,,,,,needs manual lookup,https://www.google.com/search?q=ST+JOHNS+county+FL+property+search+COOKSEY%27S+R.V.+PARK+ST+AUGUSTINE
COUNTRY AIRE MANOR RV PARK,10249 US 98 HIGHWAY,DADE CITY,FL,33525,(352) 523-1228,PASCO,,MEDIUM (51-100),98,,,,,,,,,,,,,needs manual lookup,https://www.google.com/search?q=PASCO+county+FL+property+search+COUNTRY+AIRE+MANOR+RV+PARK+DADE+CITY
FAIRVIEW VILLAGE,7025 FAIRVIEW VILLAGE CIRCLE,WINTER HAVEN,FL,33881,(863) 422-9584,POLK,,MEDIUM (51-100),98,,,,,,,,,,,,,needs manual lookup,https://www.google.com/search?q=POLK+county+FL+property+search+FAIRVIEW+VILLAGE+WINTER+HAVEN
GREENFIELD VILLAGE RV PARK,1015 SR 542 W,DUNDEE,FL,33838,(863) 439-7409,POLK,,MEDIUM (51-100),98,,,,,,,,,,,,,needs manual lookup,https://www.google.com/search?q=POLK+county+FL+property+search+GREENFIELD+VILLAGE+RV+PARK+DUNDEE
HAINES CREEK RV VILLAGE,10121 CR 44E,LEESBURG,FL,34788,(352) 728-5939,LAKE,,MEDIUM (51-100),98,,,,,,,,,,,,,needs manual lookup,https://www.google.com/search?q=LAKE+county+FL+property+search+HAINES+CREEK+RV+VILLAGE+LEESBURG
LAKELAND VILLAGE,4535 US HIGHWAY 92 EAST,LAKELAND,FL,33801,(863) 665-7151,POLK,,MEDIUM (51-100),98,,,,,,,,,,,,,needs manual lookup,https://www.google.com/search?q=POLK+county+FL+property+search+LAKELAND+VILLAGE+LAKELAND
"LAKESIDE MOBILE MANOR, LLP",1020 LAKESIDE DRIVE,BROOKSVILLE,FL,34601,(352) 796-4600,HERNANDO,,MEDIUM (51-100),98,,,,,,,,,,,,,needs manual lookup,https://www.google.com/search?q=HERNANDO+county+FL+property+search+LAKESIDE+MOBILE+MANOR%2C+LLP+BROOKSVILLE
MEADOWS MOTEL & TRAILER,9071 TAMIAMI TRAIL S,VENICE,FL,34293,(941) 426-4183,SARASOTA,,MEDIUM (51-100),98,,,,,,,,,,,,,needs manual lookup,https://www.google.com/search?q=SARASOTA+county+FL+property+search+MEADOWS+MOTEL+%26+TRAILER+VENICE
OAK HARBOR CAMPGROUND & MOBILE HOME PARK,10000 W LAKE LOWERY ROAD,HAINES CITY,FL,33844,(863) 956-1341,POLK,,MEDIUM (51-100),98,,,,,,,,,,,,,needs manual lookup,https://www.google.com/search?q=POLK+county+FL+property+search+OAK+HARBOR+CAMPGROUND+%26+MOBILE+HOME+PARK+HAINES+CITY
ORANGE GROVE HOME & RV PARK,647 NUNA AVENUE,FORT MYERS,FL,33905,(239) 694-5534,LEE,,MEDIUM (51-100),98,,,,,,,,,,,,,needs manual lookup,https://www.google.com/search?q=LEE+county+FL+property+search+ORANGE+GROVE+HOME+%26+RV+PARK+FORT+MYERS
PARRAMORE'S CAMPGROUND,1675 CAMP SOUTH MOON RD,ASTOR,FL,32102,(749) 749-2721,VOLUSIA,,MEDIUM (51-100),98,,,,,,,,,,,,,needs manual lookup,https://www.google.com/search?q=VOLUSIA+county+FL+property+search+PARRAMORE%27S+CAMPGROUND+ASTOR
PINE ISLAND FISH CAMP INC.,6808 LAKE GRIFFIN ROAD,LADY LAKE,FL,32159,(352) 753-2972,LAKE,,MEDIUM (51-100),98,,,,,,,,,,,,,needs manual lookup,https://www.google.com/search?q=LAKE+county+FL+property+search+PINE+ISLAND+FISH+CAMP+INC.+LADY+LAKE
SHADY OAKS MHP & RV PARK,"34700 S HAINES CREEK ROAD, LOT O",LEESBURG,FL,34788,(352) 742-0234,LAKE,,MEDIUM (51-100),98,,,,,,,,,,,,,needs manual lookup,https://www.google.com/search?q=LAKE+county+FL+property+search+SHADY+OAKS+MHP+%26+RV+PARK+LEESBURG
WESTRIDGE VILLAGE MOBILE HOME,902 WEST INTERSTATE 20,WEATHERFORD,TX,76086,(817) 594-0459,PARKER,,MEDIUM (51-100),98,,,,,,,,,,,,,needs manual lookup,https://esearch.parkercad.org/
WHISPERING PINES RV PARK,1700 NE 115TH AVENUE,SILVER SPRINGS,FL,34488,(352) 625-1295,MARION,,MEDIUM (51-100),98,,,,,,,,,,,,,needs manual lookup,https://www.google.com/search?q=MARION+county+FL+property+search+WHISPERING+PINES+RV+PARK+SILVER+SPRINGS
WILLOW LAKE RV PARK,1617 HERITAGE PARK RD,PRESCOTT,AZ,86301,NOT AVAILABLE,YAVAPAI,,MEDIUM (51-100),98,,,,,,,,,,,,,needs manual lookup,https://yavapaiaz.gov/departments/assessor
AL JONES TRAILER PARK,17890 SLATER ROAD,NORTH FORT MYERS,FL,33917,(239) 543-4081,LEE,14,SMALL (<50),97,,,,,,,,,,,,,needs manual lookup,https://www.google.com/search?q=LEE+county+FL+property+search+AL+JONES+TRAILER+PARK+NORTH+FORT+MYERS
BAY-VIEW TRAILER PARK,2133 TURNBULL BAY ROAD,NEW SMYRNA BEACH,FL,32168,NOT AVAILABLE,VOLUSIA,13,SMALL (<50),97,,,,,,,,,,,,,needs manual lookup,https://www.google.com/search?q=VOLUSIA+county+FL+property+search+BAY-VIEW+TRAILER+PARK+NEW+SMYRNA+BEACH
BELLA BELLA TRAILER PARK,14400 BELLA BELLA LANE,ODESSA,FL,33556,(813) 920-2403,PASCO,11,SMALL (<50),97,,,,,,,,,,,,,needs manual lookup,https://www.google.com/search?q=PASCO+county+FL+property+search+BELLA+BELLA+TRAILER+PARK+ODESSA
BON AIRE DELUXE TRAVELER COURT,760 SAN CARLOS DRIVE,FORT MYERS BEACH,FL,33931,(239) 218-3859,LEE,23,SMALL (<50),97,,,,,,,,,,,,,needs manual lookup,https://www.google.com/search?q=LEE+county+FL+property+search+BON+AIRE+DELUXE+TRAVELER+COURT+FORT+MYERS+BEACH
COLORADO COURT,118 COLORADO AVENUE,LAKELAND,FL,33801,(863) 559-2005,POLK,10,SMALL (<50),97,,,,,,,,,,,,,needs manual lookup,https://www.google.com/search?q=POLK+county+FL+property+search+COLORADO+COURT+LAKELAND
COUNTRY ACRES MOBILE HOME PARK,16001 TULIP TREE DRIVE,SPRING HILL,FL,34610,(727) 856-2889,PASCO,13,SMALL (<50),97,,,,,,,,,,,,,needs manual lookup,https://www.google.com/search?q=PASCO+county+FL+property+search+COUNTRY+ACRES+MOBILE+HOME+PARK+SPRING+HILL
COUNTRY ESTATES MHP,901 NE 95TH STREET,OCALA,FL,34479,(954) 520-1683,MARION,13,SMALL (<50),97,,,,,,,,,,,,,needs manual lookup,https://www.google.com/search?q=MARION+county+FL+property+search+COUNTRY+ESTATES+MHP+OCALA
COZY COURT MOTEL & MHP & RV,407 WOODLAND AVENUE,LAKELAND,FL,33801,(863) 665-4179,POLK,11,SMALL (<50),97,,,,,,,,,,,,,needs manual lookup,https://www.google.com/search?q=POLK+county+FL+property+search+COZY+COURT+MOTEL+%26+MHP+%26+RV+LAKELAND
CRESCENT COURT MHP A,527 W CRESCENT DRIVE,LAKELAND,FL,33809,(863) 559-9623,POLK,11,SMALL (<50),97,,,,,,,,,,,,,needs manual lookup,https://www.google.com/search?q=POLK+county+FL+property+search+CRESCENT+COURT+MHP+A+LAKELAND
CROSS COUNTRY MOTOR LODGE,5100 S PINE AVENUE,OCALA,FL,34470,(352) 288-9800,MARION,15,SMALL (<50),97,,,,,,,,,,,,,needs manual lookup,https://www.google.com/search?q=MARION+county+FL+property+search+CROSS+COUNTRY+MOTOR+LODGE+OCALA
DORA CANAL COURT,224 S LAKE AVENUE,TAVARES,FL,32778,(352) 343-6481,LAKE,14,SMALL (<50),97,,,,,,,,,,,,,needs manual lookup,https://www.google.com/search?q=LAKE+county+FL+property+search+DORA+CANAL+COURT+TAVARES
DRIFTWOOD VILLAGE,1709 RIDGEWOOD AVENUE S,EDGEWATER,FL,32132,(386) 428-2906,VOLUSIA,24,SMALL (<50),97,,,,,,,,,,,,,needs manual lookup,https://www.google.com/search?q=VOLUSIA+county+FL+property+search+DRIFTWOOD+VILLAGE+EDGEWATER
EL RAY TRAILER PARK,755 ESPANOLA AVENUE,ORMOND BEACH,FL,32174,NOT AVAILABLE,VOLUSIA,10,SMALL (<50),97,,,,,,,,,,,,,needs manual lookup,https://www.google.com/search?q=VOLUSIA+county+FL+property+search+EL+RAY+TRAILER+PARK+ORMOND+BEACH
EVERGREEN TRAILER PARK,145 TOUCHSTONE ROAD,NORTH FORT MYERS,FL,33903,(239) 936-6167,LEE,14,SMALL (<50),97,,,,,,,,,,,,,needs manual lookup,https://www.google.com/search?q=LEE+county+FL+property+search+EVERGREEN+TRAILER+PARK+NORTH+FORT+MYERS
FOREST OAK ESTATES,3804 N FLORIDA AVENUE,LAKELAND,FL,33805,(863) 682-8792,POLK,12,SMALL (<50),97,,,,,,,,,,,,,needs manual lookup,https://www.google.com/search?q=POLK+county+FL+property+search+FOREST+OAK+ESTATES+LAKELAND
GARLAND MOTOR COURT,4511 LAND O'LAKES BOULEVARD,LAND O' LAKES,FL,34639,(813) 996-2330,PASCO,12,SMALL (<50),97,,,,,,,,,,,,,needs manual lookup,https://www.google.com/search?q=PASCO+county+FL+property+search+GARLAND+MOTOR+COURT+LAND+O%27+LAKES
GILLESPIE VILLAGE,2911 LOCKWOOD RIDGE ROAD N,SARASOTA,FL,34234,(941) 953-6970,SARASOTA,20,SMALL (<50),97,,,,,,,,,,,,,needs manual lookup,https://www.google.com/search?q=SARASOTA+county+FL+property+search+GILLESPIE+VILLAGE+SARASOTA
GONZALEZ BROS. COURT,37219 GONZALEZ COURT,DADE CITY,FL,33525,(813) 714-4394,PASCO,15,SMALL (<50),97,,,,,,,,,,,,,needs manual lookup,https://www.google.com/search?q=PASCO+county+FL+property+search+GONZALEZ+BROS.+COURT+DADE+CITY
GREEN VILLAGE MOBILE HOME PARK,6025 NEW TAMPA HIGHWAY,LAKELAND,FL,33811,NOT AVAILABLE,POLK,10,SMALL (<50),97,,,,,,,,,,,,,needs manual lookup,https://www.google.com/search?q=POLK+county+FL+property+search+GREEN+VILLAGE+MOBILE+HOME+PARK+LAKELAND
HAPPY ACRES M H P,200 NW 73RD AVENUE,OCALA,FL,34482,(352) 598-8659,MARION,10,SMALL (<50),97,,,,,,,,,,,,,needs manual lookup,https://www.google.com/search?q=MARION+county+FL+property+search+HAPPY+ACRES+M+H+P+OCALA
HARBOR OAKS TRAILER PARK,5564 BAYSHORE DRIVE W,PONCE INLET,FL,32127,(386) 441-1874,VOLUSIA,10,SMALL (<50),97,,,,,,,,,,,,,needs manual lookup,https://www.google.com/search?q=VOLUSIA+county+FL+property+search+HARBOR+OAKS+TRAILER+PARK+PONCE+INLET
HAVENER TRAILER PARK,6637 AVENUE A,SARASOTA,FL,34231,(941) 924-2257,SARASOTA,17,SMALL (<50),97,,,,,,,,,,,,,needs manual lookup,https://www.google.com/search?q=SARASOTA+county+FL+property+search+HAVENER+TRAILER+PARK+SARASOTA
HELEN'S MOBILE HOME PARK,725 CHESTNUT ROAD,LAKELAND,FL,33801,(863) 422-4272,POLK,11,SMALL (<50),97,,,,,,,,,,,,,needs manual lookup,https://www.google.com/search?q=POLK+county+FL+property+search+HELEN%27S+MOBILE+HOME+PARK+LAKELAND
HICKORY GROVE MOBILE HOME PARK,1305 HOWELL AVENUE,BROOKSVILLE,FL,34601,(813) 679-1981,HERNANDO,18,SMALL (<50),97,,,,,,,,,,,,,needs manual lookup,https://www.google.com/search?q=HERNANDO+county+FL+property+search+HICKORY+GROVE+MOBILE+HOME+PARK+BROOKSVILLE
HILLSIDE TRAILER PARK,1247 LPGA BOULEVARD,HOLLY HILL,FL,32117,(386) 366-3480,VOLUSIA,20,SMALL (<50),97,,,,,,,,,,,,,needs manual lookup,https://www.google.com/search?q=VOLUSIA+county+FL+property+search+HILLSIDE+TRAILER+PARK+HOLLY+HILL
HOPE'S MOBILE HOME PARK,10950 SE 19 COURT,OCALA,FL,34480,(352) 368-1803,MARION,13,SMALL (<50),97,,,,,,,,,,,,,needs manual lookup,https://www.google.com/search?q=MARION+county+FL+property+search+HOPE%27S+MOBILE+HOME+PARK+OCALA
HOSTETLER TRAILER PARK,3471 BAHIA VISTA STREET,SARASOTA,FL,34239,(941) 650-0135,SARASOTA,21,SMALL (<50),97,,,,,,,,,,,,,needs manual lookup,https://www.google.com/search?q=SARASOTA+county+FL+property+search+HOSTETLER+TRAILER+PARK+SARASOTA
IDLEWILD TRAILER PARK,1149 IDLEWILD AVENUE,GREEN COVE SPRINGS,FL,32043,(904) 572-8315,CLAY,10,SMALL (<50),97,,,,,,,,,,,,,needs manual lookup,https://www.google.com/search?q=CLAY+county+FL+property+search+IDLEWILD+TRAILER+PARK+GREEN+COVE+SPRINGS
KATHLEEN OAK MHP,3625 KATHLEEN ROAD,LAKELAND,FL,33809,(863) 859-6630,POLK,16,SMALL (<50),97,,,,,,,,,,,,,needs manual lookup,https://www.google.com/search?q=POLK+county+FL+property+search+KATHLEEN+OAK+MHP+LAKELAND
KAY'S MOBILE HOME PARK,20046 JOSEPH LANE,LAND O' LAKES,FL,34639,(813) 996-4104,PASCO,13,SMALL (<50),97,,,,,,,,,,,,,needs manual lookup,https://www.google.com/search?q=PASCO+county+FL+property+search+KAY%27S+MOBILE+HOME+PARK+LAND+O%27+LAKES
KIMBALL COURT,38814 C AVENUE,ZEPHYRHILLS,FL,33542,(407) 876-3990,PASCO,22,SMALL (<50),97,,,,,,,,,,,,,needs manual lookup,https://www.google.com/search?q=PASCO+county+FL+property+search+KIMBALL+COURT+ZEPHYRHILLS
KINGSTON ACRES MOBILE HOME PARK,27966 OAKLAND DR,BONITA SPRINGS,FL,34135,(239) 992-2658,LEE,18,SMALL (<50),97,,,,,,,,,,,,,needs manual lookup,https://www.google.com/search?q=LEE+county+FL+property+search+KINGSTON+ACRES+MOBILE+HOME+PARK+BONITA+SPRINGS
KURRAS MOBILE VILLAGE,1090 N US 1 HIGHWAY,ORMOND BEACH,FL,32174,(386) 308-6961,VOLUSIA,12,SMALL (<50),97,,,,,,,,,,,,,needs manual lookup,https://www.google.com/search?q=VOLUSIA+county+FL+property+search+KURRAS+MOBILE+VILLAGE+ORMOND+BEACH
L AND L TRAILER PARK,1500 KAUFMAN AVENUE,SARASOTA,FL,34239,(941) 957-1937,SARASOTA,15,SMALL (<50),97,,,,,,,,,,,,,needs manual lookup,https://www.google.com/search?q=SARASOTA+county+FL+property+search+L+AND+L+TRAILER+PARK+SARASOTA
